"id","username","password","hash (bcrypt, 10 saltrounds)"
"1","admin1","admin1","$2a$10$kB1g7MhB6VmTbhkLB3cZxuaK.rfoYPz2xySe9PoU4UNOEXvMygROK"
"2","tbing1","kG8yC2ZmdCAR","$2a$10$nwvqvvTxFA/YdpqfgGojNOJ2JmcgFy6U2Amzo2lt5DKtW9AQTQYu6"
"3","babramof2","rP3eQRfs","$2a$10$.i5kkz1I121zNxOX5FRsnegODJgperGUPBCmoYSQkp5zNhBYy/PSa"
"4","mreignolds3","qV8vhwToWqd","$2a$10$7JbX08D2cePjPnFPK/AHPOVGM0vkjt2.U6FkIOeqNWM9ao3NPEWKy"
"5","cchilds4","zN5mGnevjVvv","$2a$10$JPn8JqBPt3s6w2nCS4/mGuvd6aPKwsQX5lUWg3DKObd6SFIKkONzS"
"6","mknevit5","vQ4vw0DqsOtwcp","$2a$10$al97wSXZcdykWknt.tmKKeb2HosWim7Lt/HYdOCLiWb7v20booV9i"
"7","cswadden6","vD2uHl03","$2a$10$njU/oxBSoMdmd/GvfbeOvury02FC5u4BILJyVauOQlQJVixTCbqla"
"8","abendtsen7","tM4tkrvi","$2a$10$thnt5AAnLWoSRy2M3kWCfuy9TMmhc6aNxjSYMVUGVzbvvx7dFW11e"
"9","eaaron8","xJ0eXaPWlHts","$2a$10$2i18YtRTBXj3S5ucH6WJTOYRt4n3hufdKWqGrTzUg6XBIgyXYYeKq"
"10","vhenmarsh9","iE8ffR10DMjmvwfm","$2a$10$SlBA1pH/tnO9ejy/IT.nPe8Vk7RdOjJ4gqX.ByP8D97o.Uwbez.ua"
"11","mfeaversa","iU3jTDO9cta3rj","$2a$10$Rbuv4zHlI56aamauJNWkbuSXKWl/mIww5c497yHHcPuNEXr8RQ.MW"
"12","hcanavanb","bB3e9tob","$2a$10$UGbdI2C0XFtSu.E4W9n1wuHfHUae/JjaFNEa8RuRUiN4F168a3XSW"
"13","bdipietroc","qT4roshh","$2a$10$7Rs6HhB0BpobFVftajnSSON15lTpZJI.4n4/MM..ySiIrVfN7fPUu"
"14","obirkenheadd","qH8dVFnrdpqEH","$2a$10$3LebluRRaN0HDCCsUjozZ.1RV1syXg.c/8bet71ZeMpw3hbbBQ2gW"
"15","emaccaulle","hN4vaVso3","$2a$10$/rrcXd7o3iSo5qhMIhi2IeWpuptt5sS6cTcqqEd7tF6QQ6Ylr0DvC"
"16","spaasof","kH8ufUS8aahjev0","$2a$10$AJHjNmKvfgWG0P6Gyp8RLusjjKmG1STLu0h275lIFeQkRzH6IbuFi"
"17","fminicog","qD1tdDvzd","$2a$10$GxN1A8t4LRXDLNkbXJ92mOJuu1vqdyJc7bcPHyJGpo.h6GPZ6.pnO"
"18","fmccaneh","kV1snX5Lo","$2a$10$FE6xeTBLm./AwGQ13jtG7uyg8iui0kTMEO9a0ePZYhp2tDA45U2WO"
"19","rbernhardi","uL2dZTMr","$2a$10$fn5O.pVAG4KF9UDyhfl6EOqOTDpdzNw0pIBk/RphuHb.PlxPKniHm"
"20","egodbyj","aF2mpftvZgDm","$2a$10$I0V9IrEpfe.ZH07lRbJP5OULIkq5pa7WlzO0.xStiM1tnprBAkYYW"
"21","bbaigriek","aU9mW4tFeYIwhU","$2a$10$74WcmeV0R7wpLU.UY/7/0.5oJrloM9QOQNwdgm/P9JEJXbEPZINYS"
"22","dbartolomeottil","gG15sdJj","$2a$10$s22.K/KQFde1nmwE4zC82.Tudvy.2qtomOyYLbAP261b1HYBrfVf2"
"23","lturpiem","kD4d89jIf","$2a$10$CB0rKiJ7s07fOKE.br6MRejTn4khOWR9Do8O5DzlvFDB9i6mYsS.G"
"24","bcluckien","eE7vy5BdCHIw4y","$2a$10$j4SXNg.8TzSMuCaHZoDZruzKvG6gusXapYxaMOFE5vGpp1XpaU1bS"
"25","abenzingo","fL6hTjuhmuEm","$2a$10$soYkRsSxj9Jia3iIIEI4SuJfwvCeDz1tbhy.qpy6y.UwudjkZeDHm"
"26","stimbsp","dD0j3sp0","$2a$10$brqeoxL1zsS8ntzNFduMvO7Mhk1gM4R/eg2XkBV7AoxXig2S5DYmy"
"27","tegliseq","uX92W4BN","$2a$10$9DfQ7kF3iRg3mTSfJwc5buayAvPHU2GflE.1V3wm4A7JYdswzRc.y"
"28","sriddifordr","eF8ff3Mi18nj8s","$2a$10$l0XPCu2wqFfIeTDe3zVJMeNktyG2gd9hpK5i9DNYXWk.ym7H3dkGO"
"29","wlittlepages","iG1dvtfEJhzYi","$2a$10$g3HJM3BcGO/dlEBhGvFp5OcjsrhU17Qh9yb0MokcLgC3YeziCWhtS"
"30","revat","uT2uvqC2ML","$2a$10$WvNEoWM/UC7WVexLp5PApOkTw8nsQ0t6Xi3hl3hgrIXPfaO1mjIqG"
"31","areadingu","pW4myboNxePaigyP","$2a$10$lEurinsMXtjfXvZQot2n9u4UPzIpZGtJCoNEsdglWNAm833IjzXpa"
"32","bcaulfieldv","wH4duod24","$2a$10$mWdCMNPm3L.uCRwOoWzOG.yvSFRFSU9qmXuwudP4vnqPx.AYPGnpC"
"33","rcowxw","rD8srPwq","$2a$10$1fEKGnDQSW46obEKOwCSx.hCRYfWpAl.IYCuls/jgyll1s0Kqt0xG"
"34","hspelsburyx","bT7msrW4QgpbPu","$2a$10$61fZj3GwNYffSLnoZXH6iOt8//7pMURl1iafORlyT9fjbb8P7IXqG"
"35","mgroomey","rE44zwM8IwQinL","$2a$10$IeFJCHJ/TZaOfRUW3SvWPe5TILEq4uDB0PjQWMYJ/gXlWUZJAYjTC"
"36","vcradocz","zF7mNeY5F","$2a$10$ErTResO5WgSgKYTNIyUE1..Y6HNdfTsEV6qBK/f9U7SRJSEhlIVJ2"
"37","zruthven10","mQ9mpxpLG5vFcs4","$2a$10$PgmO8KHwgXcwzut9F8tAluJHAuQEPTyKjmLtK1kcdZkDzvG4d6brK"
"38","atheunissen11","cZ98qvWivtU","$2a$10$WB8/acWFH2fVuUwiacYOfOMZ706sfQmBG114bZEPVMaiXG1YZ4k2m"
"39","mmanshaw12","yB3atxtgpb1","$2a$10$hQRQem3S0bbfQniCdHEiD.IFeGuOv6d9WqZwcT8l2nnzDIsS6JSJG"
"40","rtitheridge13","xT5f6p55gKw","$2a$10$BQxFHmMRcD2eCigUXAOMfulQMeZxxF60cLcRJlRNjhlkeHQUXfqCy"
"41","dalessandrini14","wD4jebdoDv3n","$2a$10$Jr78kKlAKb7TrNSjCHvGKOZAjCzxDbx97Qjcpx08eSuicKfmnebo."
"42","bfyall15","kS28Pmo6v26uC0","$2a$10$9uu4e7fACWp0wW7SPLLYzOwUycKDBkyeW/RBTFbthTloY/qg18chW"
"43","slouche16","tW73jrdluYt0O","$2a$10$/vyU3chIdoPPOAJ1Nru3QOGpcVb0JWTSNqBBr.nZj8hPfYNCo6Qfi"
"44","kkinnin17","zY7sO9u4Ghd6","$2a$10$LW4.fiD/0vAGyFyd3vSbaOd/2eJcjf2jAXtYYXeFgITSxlntATlAK"
"45","hsanford18","tH1dOwRJK2PEB5u","$2a$10$c7XJlmsnVuZvL5BQv9rEge6Yb7MLPruBjnGLHGSzUEewWRd6BDVvC"
"46","ahelliwell19","lA8jJLBB9md","$2a$10$iZykFLK8qUjgDUlbRny5leagXVWJKmK7F.HYcz0zP.YStbr64XDn."
"47","ljaskowicz1a","eP7w9s84eJWG","$2a$10$gUnM69CO59ZTJHi2nzQToOO/CCJp/5aozQ1lV.4Me0nYCNLaLZ596"
"48","spilmore1b","fV5tHGhk","$2a$10$RSpk2qG1PMYVX6jN./5F9OO.cVxfGQ1IK12dSBDlY.yCVkbGbiem."
"49","gdeblasi1c","gB3seVjedz8bV60","$2a$10$wJy2dswZ1sr8ZxYtvxd6g.Q1Jo9sH9rvLnjTnSjs3u8BwIeBzyjBm"
"50","anelsen1d","fM8mjDTu","$2a$10$dKqr239LnbWUBMqBDnF6gu3r3a.715/lvNSwbxYsZWPhZBGUdht/q"
"51","mfeetham1e","jB0stN8S8Iz","$2a$10$QjQScL0IwsmRm5UuJyph3.Jbu/tBe1zqJ4YeM2Fd0k8ZQ.YInvrBy"
"52","bwoodruff1f","kL0hvaTjIpweyN","$2a$10$KviOjzukUz.KrYP.HHStKexvh5NerCEhZIpQb7jjnhfOevHbUINQG"
"53","dchastenet1g","cX083ys9j0j9mTIc","$2a$10$gbmg3h40YpTqdNnd1tbjU.LxvZmmlLGwNPkLHQGlklJPv47odtGAS"
"54","lblamires1h","fR9wrxx8Qh4X1ujM","$2a$10$M.skSxv8E7pRUL7QLfW3nej8AoH6/.9YT9MYgxFXBgN0eknBmtw9u"
"55","iwashbrook1i","cT7dm41Qj","$2a$10$1rVrhkkpIDmaaPAnYzfRkuvQgRTUsaZoK.BuenVWRWzMG3ra5qLUa"
"56","datwood1j","oJ6updtdjojl","$2a$10$nJUEW6JcbWVu2wIihgnHpuf.PvKmNHhCk2nR3UxKbNea.roh66fcu"
"57","jadshed1k","fG92CMsXj3n","$2a$10$BOBXoa5WxOq8KXCNibrHK..mthuC6UJOKKJyMM5mU9G2hiatZZ02."
"58","mthornewell1l","kN2jK7S610d4v","$2a$10$vscJcJZRb64kNEKLoe2KUOZIX3d1/ryb6LSOLym2FD/HrVPvhvTBa"
"59","cparr1m","pI52v4uSF8Gpds","$2a$10$M22cA0kc2A96lv/Mw5sy0uKMoZT8a3Z0/Qbn.MvpmxhJ8wj9wgk/S"
"60","wtemporal1n","xH426Z5aiGQ","$2a$10$J9s7K4w9a1Z7fp0t/XzdMO6LD7d2c6JfdPHChf4bGZ2524MNlm8w6"
"61","vhannan1o","hV93phPPu","$2a$10$VvgV7c7OD1Kk5Vrkgwwaqe/VO969KmUiXCvbB1MX.R8gshLf8AtT2"
"62","gdan1p","iY0php4iEwxaIQm","$2a$10$nQHlcX/UcI.SdsLWDxIIFuBcUt5bAc27ygGUJsdi8W95F5RAi0WSi"
"63","smagarrell1q","eZ1sYZG7","$2a$10$6R2Uiiy82oqufRXfPmMu2eLRapGnVh.gyw3mjA0ge3zVcb1w2nE5G"
"64","theineking1r","cL4jT14f","$2a$10$rCwFrw8VT6XYIJh/5Mi/euSsIqEZF6ItQdyCj21e7GvhHAqbmKQTi"
"65","alynnitt1s","oG7yTPoYyX4Y","$2a$10$G7g.SUyaoFHyr7YhlPBtJegKjJNJsr24I4vtM.v/lLEy5cze46qWG"
"66","bdemelt1t","oG63jm89p","$2a$10$RXiqIm41laPC2SEbQvflgOSJekdMrqiuPtY8zON4wNtoMrDb2DGIO"
"67","achaff1u","yA43eysoqFwMo","$2a$10$xhGnZj0hGzBLGw0mwJfW/O7JNOIRptShmweOWNUlcBP4wGiUfGlh6"
"68","achaucer1v","wQ88g1t3ITad","$2a$10$5/Z87iBJmIvZH0/350NaWe1chf3rie0iywefDKJgc/0XZQsfJ2tti"
"69","qclubb1w","yV31SmZgn7hqBdvH","$2a$10$/QB.7E.LtrhVteUekYJqmu.3P5TEDZWxedmbrC5FSp8L751mBiDbW"
"70","adow1x","lU5yw1o37ydrxpy","$2a$10$KMXD7fFCIbVWESb67qgU/.N8K9HywtlHXggK0WUV79bIz5dN5NUWm"
"71","dbailiss1y","kJ1ms5h3u5e1aufV","$2a$10$9xJFvznARcvNI2L5jzAOCOMvj1X9wZ3HHupJKobya6QciPDfNfnzm"
"72","hkall1z","bT1t1sKo9XUwSsq","$2a$10$eWB.m.pmOjMHSdhnUlB8fuqf0O9zjeo9JQsVGTvQ2rRkUHVMaeZGq"
"73","hlacasa20","zM6vaEjwA","$2a$10$TJhEkSb1ANhu1fIazN/TwuVaGZBCAASAwCL/4uN3VL4ygfFFnh4rC"
"74","gpratley21","pJ8mcwZD2pEjteI","$2a$10$fOc81aFNT2b3T/jhizbXdeI87tDmy.Js845YNI3M924.DARzLmvV6"
"75","cfowls22","eZ42zgy1dpfuJ","$2a$10$ooY2EdUxC582m0iIyr8YfuIn9/KEi/HoBTpRHNpb7.pnid.8mLWaq"
"76","vedinborough23","kP0vR15ZEv199Lv2","$2a$10$BJrrZgENpyJKVu3Mz9Eqp.xjdpxUlT7Vyy7CarwQdlN2hhdleaJMC"
"77","mcoe24","lH1rZsi7","$2a$10$I9j98gzxjEq.sV4HZzWBa.dSCDkeiS5bWS/1HfKP2BxLWafVfK6Ym"
"78","idutnell25","kO95AvdHRLk4j","$2a$10$YVvKdqnnCHJbjY5DNL.y7.XDKOVN4tCoHDP4nvj8NlQuQmI5sENse"
"79","rbloomer26","zY5uv021Zf2nd","$2a$10$ASrBLBq8ePGVyLvjP3zD1etFGXc4DGMIy36QaMTPtQ7UBG9Xkaswm"
"80","aartinstall27","hO9yTNW9f3Lm5hE","$2a$10$x3gAWTKNFXllKzDcwDzd5eLV4OW9cBTt3FKhAWUUgEi4MoiCnWTDO"
"81","epyrke28","nQ0tAKfmwtMVtq","$2a$10$qRz8loTvTjC744akf1mgB.o1xBYU0WYt5Io.sYNmgipaH8fj1bCUu"
"82","pbrentnall29","wA3arDxhzZ","$2a$10$viroVxxEgS9mFPr3ZGbK.OyCfrj/SZ/uAjjUXZdvBaMhjYNHuB3Uy"
"83","cfarish2a","jX8vhm9d8QvLSlM","$2a$10$e.xBCbjv.Hr3inSm7E0C5erdyqXtRCOvP70hAfdLoQfgPe8GcMDpm"
"84","dwinscomb2b","xZ2tduuSa7aoz","$2a$10$5vTM09ZwRX3F2pMqC/KRw.VrFVqQ3i/9WO/dWzJs7TfPzFAVrNX36"
"85","barney2c","cS62fMjSNj44otN","$2a$10$ONSqZ7uYCHrvT0aCccWcbOCABh.RhHt65z3Hv52SUt5o5XEqRDhX2"
"86","gvernalls2d","wI2slE6Sqsjdtds","$2a$10$KkzlVBN4tGQbMuwAWP3vtOwmlyuqjssDQx0Mv1e.GVGR3ZB.KRv/6"
"87","vosbourn2e","oJ5arwInBfvdmnA","$2a$10$Vh6l0AHE9GSbYnTUXytwe.QcdMXe85aO2uAagta7iLojNX8690082"
"88","ahynson2f","bB9upQ4rEW6wuOj5","$2a$10$OJXsadkn2soelDcQFhRUW.5eVNo0/Eg4cKti6NycZXdCG5q72qz5S"
"89","jtonbye2g","eT13xyhtrL","$2a$10$SRNd36ZQthTGabhq7mGGPOTWTx0TjqxTRUqd7rZyMoo/nTSAlrc6y"
"90","njotham2h","dL68skmvck2F0","$2a$10$dYmyMgzRDYDkTNDrfq3/XOTor4CCW/YG814II9KJErU9XJAaBPxFi"
"91","msleeny2i","dO1t1dIdkNpj","$2a$10$ndOmm/Qj9t.4HBJrQErtauuPhwIv2Qyb3mAYp7GZPTIJRa9YSoCUW"
"92","eharston2j","yU3au4Y5nIvy","$2a$10$rFWSBxZ1F9t8GBChFnvIhewy8IWnSUS4e9IeMEv0JVkUdXAYo.w/S"
"93","dwestbrook2k","iL0dejBv832spt","$2a$10$GPh6Bm6h2FXkxiMv4XhzPezMxl0y4xC6jN1qBT3MwWo0uq.r/gUPC"
"94","ffairbridge2l","vB2af1xdlRddx1w","$2a$10$vRVblMWP7Z4qTtR2vN0Lo.BpInGn89Kkk3dGa9HhVxdeRvvq8C16m"
"95","jfulop2m","jQ92F2rLytvn2Ydz","$2a$10$zy6swgoK1iYHSJ6PSjUxqeVHanXqOzD0xw/6quuXqTYObdA7vi9um"
"96","tbaszniak2n","qD3dKwu6e5v","$2a$10$5zgwbzrO/WdsNSO1FVNp/OnRym9ITem2lbp9nSEA.Ukwkb20fkYGq"
"97","fsnasel2o","qT0uddivDtj","$2a$10$JD0XWzzr9tvRsECl8HgL2OlIzm3lhpQafmvizNNiLBcVpc5p4N0bC"
"98","rkennedy2p","pQ18Eh8knV","$2a$10$wEh6f9cr57i5fSlDLPNv2el8v7n4TJrhQNVu6i2APOi1xToVUxJLe"
"99","aharroll2q","fL9talX43DfMHdAd","$2a$10$3NHdykdw5JboYM9aB9O6rup1Qk.paSoShXCJfzMRdRfdWiUdmKYsu"
"100","sfrake2r","rR6fmwhO","$2a$10$eiMWRw6ky1oklfN3/ZpFv.6ccvEQfHIzCLmmVffVikjoLobH9mSku"
"101","xromanski2s","iU0mhs4mnAuj6Q","$2a$10$LqQIQzHLOEtddKnQw0p8SeNMOw711gxgc1z4OLt3uT48Bx1x2b79C"
"102","kphipp2t","pS41J8JtvFMqqd","$2a$10$vu/5lkxxFzIqdelyeZAjWerTMCNb4RPIBjrtNXEDYDXrXBnM4f38W"
"103","jrea2u","uK2295hhc3VRMe","$2a$10$tSzw2iq0xqaFDjaGjPE5U.yNr.woo11umRbnNGO6aUw547gBTSpCC"
"104","cshills2v","lF5s4AWvuuZvhE","$2a$10$Zd4BCuOjEkc1Q8a7nqrBZOV.AqcQAkxB2S0DiPzZkKh37UHte850C"
"105","apellington2w","gQ4ukNyhn03fHzvh","$2a$10$o18EMVDWjmsbpTtMSEGs5ejEze3Pr4kj.vb31tQxtE/1GPxZMex.i"
"106","fvines2x","vJ05CMvsvvmp","$2a$10$iSUBq4ZO9byjOcXO/AoV7.YHMg0Z3XEWukG2AsU1CQ.vmLgClKOCe"
"107","hbassill2y","cT2rfmuWBajGgtf","$2a$10$3c.wWcm6fWCOjlq2EagBrONQb2oBwgaX5qY2Y8fOOeqoM0A8NF5gC"
"108","rniblo2z","rM4m8uY5nOdqfw","$2a$10$ZDUsb0AO5IBOriEpDtBCJO1MpkzAIYRhMEZAs.esH2RXpbdqEYb3y"
"109","cmcdowell30","qQ11Z4hLkp2BjPQr","$2a$10$dhPYn6JqzN0QTgNM0Rgxo.JYce2c7eOK5Lz2efmKUZ0mEQ9RmeKlu"
"110","efreeberne31","uE4d7IZ15yh","$2a$10$8uZGWe85KLMrdnOcdpOK1OkskZwARrxxVZVMBpjV1KDMcBUYWPapK"
"111","hvinall32","iO4r2hjtxXKQI","$2a$10$4rPjbspimdC9g8Y6Vc2zDuRsfAjMNPwl5oBHQslaRiRvDdq.t3asC"
"112","epiddock33","hQ7fKm1dpV","$2a$10$VEZ5YiZiRMgQYaNjDgKND.3Xl9rNemqVU77QCBvmovY8XlrX3sZZC"
"113","dgioani34","dD4p95CtgPGtMg6m","$2a$10$M3TpknCEjvLlkFUSNPC1U.mr1uPgHJJuUbgSXVt7I11gr9u/U.Hou"
"114","acrosbie35","sE93t2IumGI5m","$2a$10$RbH5NcF/q/LLppYlcqIaguqkO0jaDoRKgk9n6vFgqMxKAuHRGDXH6"
"115","pdegoey36","dB78fci4e8","$2a$10$sl42Kfkl5XY12F6ggghfDuUSgQ9.7/9.Rb85IHJsd.h8XytE16dhi"
"116","ltaill37","uM0rXQ3ud","$2a$10$y14PkQ9z4LEveU4bBug3/uGNfTzAM.q5jImntEbkFQaIbG7Hn5B3W"
"117","bapplegarth38","xV4raAXxfL4","$2a$10$TWfHA1YFEkFgGBp2gsoMUOY6yiJS31LF/o3Vc4BPMsiThNbvwvV5m"
"118","aedsell39","fB1usuRUlIg4maar","$2a$10$RRXbFvPD/G3OoLDp1V1PkeUsuGT.qBSEfoMuzoMK8MX/PvUUXlrTK"
"119","shampshaw3a","cR5f1GvyJds5Zyk","$2a$10$rncnr9UcJRS15GQHyYhqi.sWUlDve2GofYqbHQAunjA8NBnl5UZIW"
"120","rkehri3b","xJ935KVnGd0","$2a$10$RRJHlMwJnGyPynVPAEZZeun4/tDcmlnddAz7Z7dGqRHmT8Xf4bISu"
"121","bcawsy3c","rO6r54vA9oe4rXLf","$2a$10$sz6xKaGhP.nqDNtOUUKR3.lNWm4QG3TN6O19bb7nnUB6tlyPqOC.m"
"122","tmatuskiewicz3d","tL5tP5sR","$2a$10$72Xs.manbzhWAln6DlHaeOBTRhX5noKFEZwe7Yg.bO.qamnmCygFG"
"123","nheaysman3e","yO1yjOv8OoRH","$2a$10$pFIcBxU0UxBZWiFS2kgShuFNp8kxL6UUfiX34h8Vgzmbcses4YqVq"
"124","lbelfield3f","yR2vlDsFF","$2a$10$dyn2x4E0704vsTSORW2mge78xVnbiRApq.DFi7hFrXl5zHGLavnMy"
"125","cbehnke3g","dA8wvkPRnrLo","$2a$10$A/uVYpRoUy/nl.RnmlOl6uqpHgDVvz2wHKGOFltDYMJxJV42sDaJy"
"126","dgeydon3h","dV1rWWzOP0dC","$2a$10$zXZO4yyBCY4sCPk88sLg1OTlVNZU9miOhQ.tbDMwgdKLBq0gI.L.2"
"127","gbarthel3i","iR3f5Zm0276ddtz5","$2a$10$O3c2ZIadQZPegGmnWAu5DuGhewUQJ/qa9hRDyaP68X42aCkb5Hw9."
"128","nparris3j","hE2aC5VG5hdx98Sv","$2a$10$vwLufkucv/2f5KQ0PLPKceaxJIFsn4OLiTZGRFrr29uebzrE1vB9S"
"129","gcapponer3k","eY3r7yjjCO0r","$2a$10$6hN/I6iM0q/4iZiPNmm85OQ0MxleEhfPmVMq8RgZ894OVkQal7qQC"
"130","rgrcic3l","lF8r4UdB2uv0","$2a$10$RWS/Zx0gSNyIeCp0ZWyk5eC8EX5QsC05/YE7kFofuKPlpBQ/A64sC"
"131","ichapelhow3m","sD6v1NecvU","$2a$10$5lWsG/KKGsJx7l2GQnKMA.5HlvjpogPFaEWXOxEo8gb3y2ud3s53y"
"132","bterbeck3n","cJ0vdCduZy","$2a$10$qiGURKRuKaI3tT7G2HnlN.nPaNueBVZYbwf4V/fQmBhJ720DrMyfC"
"133","hcardiff3o","qT34pd40HH","$2a$10$rjMQwT4.IphWRjJo6MpyvuOK38l/JAJZ4QSuCtpcV8uNyHrlYap5y"
"134","mgideon3p","oU2ut0ddvlyWLMl","$2a$10$K.pR8dg6KREN6PM/PmYFyekqjDGi47M1vuHYJy8dJ0FBW3w/qk9R."
"135","emooring3q","hZ5m1gkwtMsrr","$2a$10$xjGw.rqlBAv9h6GhGLarauiPq4r/43Gaf/EdKCaZ/bEebhR8yDs4C"
"136","fbenadette3r","tJ8fm94XPbsr1gFt","$2a$10$y.VPysukLVnk59gJ/Gz5i.o.EU1yFQ/.xQFSXI4o7QyBV9mFukcIK"
"137","rbiasio3s","pX5sOvyf8Mu","$2a$10$tS8AEG5zmKW4.grJi12lseEmsx2JtMeJjF2ihR1mGxrasepikRdti"
"138","pkill3t","rO9t7R8aiky","$2a$10$WvGYeiXRKHePixPUYg5c0OMJDycfYn/hDQb1TlMb3N8acxT8735Ii"
"139","scockland3u","bN3d63IZvhb","$2a$10$VgDb08TwyyceBcTpDPSJAuDuO60CdoqQHUCqsiTyZO/mrGnuhIRG."
"140","fmanthorpe3v","wC92ohlf6","$2a$10$uhlaCswymP31TY/qi/Zj9.XTvAuI1Jj8WHzhatahumpb0PhvD.EP2"
"141","jguiden3w","lS55YFuKQE15jmR2","$2a$10$23z/d7AfZQdFL75Us.kiDuRog89jFb3S/qZsi3E90v72q4kiOiLEC"
"142","rmoylan3x","jY52e3RdsdW81eD9","$2a$10$DhVQ7tj/WC/9bqk9YTTTUu4uQHW7FSfYBqYc9tKZyc5jZX6b1um3S"
"143","ifihelly3y","tH3pGivqVW5WP2k","$2a$10$OuHu2i3poBbSrjjW0VzDo.eazM2lWrGIv0t7O67nGbjzJwACAvfU6"
"144","blyddy3z","yK15cm58r1yFR4","$2a$10$1EvhpYFFwmc2DHtuVZtTCeWpsVuVSyz5NgUl4RF0oHILOZG4HrC/6"
"145","rbeames40","rK0szp893H","$2a$10$yXPu1HGKfh3ueqS79Pab3usBUYlSU9txYn/ehTyBfrsRGgTBJBUsq"
"146","jwagnerin41","oS5hWh1jRB2edw","$2a$10$I7GIvG2ZcPj9kFa983rljuDn61WurOu1VdMs5P.xHkTcuLgwBlJZC"
"147","mbasnall42","vD4eOlcRzy4wMFjK","$2a$10$QdXUeKJ4wNdbEunr062LJ..0RTD37gn7nuBTz3jtwFJBPxK88k9GC"
"148","fmabbe43","pO7th8sYtYy9l","$2a$10$6pmYA9H.hrT9kmE0ZkjCkOmfJyJbUQcURIL70WX8mn/TlokuTvfU2"
"149","kcornell44","jV8tOhabf2","$2a$10$aAipwjnPc0zwAGnQ6ZqJiOiM2NAGonfgR/CY8xa5jYn39AD6YJ5H2"
"150","jepgrave45","hD8hw8wSlp","$2a$10$dY/2APa9fXFIVRitQf/re.zo05owBuXeWQ4LX48gCUiChNP7ims3m"
"151","mseckom46","iB2m2FOZVLrq","$2a$10$UK4uE78eIV8UndzQQXbgTe6GmS2tPzQJxXitH5roF.pyIQaMVG.ue"
"152","bguilleton47","zQ3j3zpdeW","$2a$10$ZIrVi8qmyqr5sJIyfoxQrOok3quc2R6qECzxeNhRaL9m030dyLnpK"
"153","eborchardt48","uG0d61Foj","$2a$10$/YriBqgNPxsyRXy6uDrZne9SaIIXHyelYAzUh4AIFK/XKzAdr21DC"
"154","edudmarsh49","fR832yoV","$2a$10$PCEDkyzMH0KSkRBc6KU.tekn8TyVMXKA.54CqEKt9EuLwvFZ0LBHS"
"155","cfitchell4a","cM5u3ptuWp","$2a$10$Nu/22yRD0S1KcuR09NWML.MA/GVFcIwHwxScYJzvIw8Iec/vbdq9C"
"156","kmcdowell4b","cL843e0pJf372","$2a$10$c.lVDDxQXPUfIwkj8r8IC.6hsaonBmjLfsZ5dK0ApEYcvNDSykD96"
"157","hsarll4c","qT0hMymhtqelv","$2a$10$MN8SSNsYe2m82ehU1DdKU.YPh/LXOoK5/wtgCpmMT73jvOH9KTv2m"
"158","dgoffe4d","tH7toPVlmuhN","$2a$10$3QvSyh93ivETq/15dvSjcu0XKdjs4drzIRYWjKc9o1uvPBoonMFy2"
"159","lklambt4e","qH084Ijea","$2a$10$4J3DWEOwt57Xkk/S1MY.0.vnsBsmSNZSgF4LsT.WCQ.Hh7OXQ4k.i"
"160","cgethings4f","qK2dWBs5zt8Ra","$2a$10$.T7hfo0vkbodl6Dd3UYpmeOW8k8s6qhVNTUJfAbPssIXNhZsH71zO"
"161","tpaulisch4g","xT9yOFGfr1QdaB","$2a$10$zy.V1NM6CEjn5/d.0GjEgOxSI1aRVQbaKMWyxBrlP57i/zrCLpGXi"
"162","bsivills4h","gO8f24uo2vrsE","$2a$10$mo29yqsMJRyH9zr7QkOpfujEfeEbiVNAAAchJIN4AMhqwNmCoXM.q"
"163","fjancey4i","fY53TttiHrhgpr63","$2a$10$SbaQ9F3oD5kVYySav0uS5.BxfzJlRolWGTtnoa0AGoUDqXGFUMOCm"
"164","jbabcock4j","fJ1hyDLd7egm152w","$2a$10$MjZ3TsDyiDtMRxyJ./mUnuiBftvGC7d4vLqDE0I2O0ogsczVkT0SO"
"165","lgherardini4k","nD7ex8pzh3mev","$2a$10$s1xbZsIVT/zUoS3.WkBhluWYAJITX1/TuU5hYNiN7LWg.4W1aofam"
"166","bblakeston4l","sS5tw3vBtM","$2a$10$QcqpvDOXjXyEpOOFr6UwteSpDGV0yEF59LqgfopJuDpn44tcDyhjm"
"167","jwisbey4m","zK7htvk5zifAK5","$2a$10$W7h0CA/Ocffja88dLteJaOxk2oFeBmk2W96JtSMFwePzG2str7wG2"
"168","mkneel4n","nW6aMGw3Hsa3nP","$2a$10$IyAclMzKNfeQRJLmI5rBe.a5aG40eGk9zv71cOq/rPMdSo.REmDkS"
"169","jsmeed4o","lI82J0H91mCl","$2a$10$LCj1HXHgt.aTJmcTVGuK6eAnGN1x/cSQUoHpX/kyuY34.SYFJcGky"
"170","tjewers4p","zU2tsBd7bKoj","$2a$10$/wbWnaoOsHgZtDrEPYNZ2eTI1.3IWNEMApMSkLUMyoJXu0wSA64.y"
"171","hmosen4q","dL6dTrLH212IS0","$2a$10$C7BAGfw2blxUb6HEB8Tl/ugs7PMiWnCk4TfKELicHdlMoqx60ezLy"
"172","rhaccleton4r","fM4sk7eMBt1PLpLa","$2a$10$QkRcwaxq2NM5e12.x8wKNepWCeGPj2UK8DqvaL3STL3p./5iPUHw."
"173","cskally4s","dE5uh7qXXwLdSAmn","$2a$10$jNstOGT.Gnz4HgSRz25rLOXrs.F.EeTMNYYs24X6wmBmL2pJQid/e"
"174","lespinho4t","nN6het9e","$2a$10$1vTVX2yUSLLf4yh7vHU.U.jZ8TuBhm..mXNhknW9TLRvUJH09tyc6"
"175","escurrah4u","pO35FHHwLlS","$2a$10$PGdFtg86bGX/IxABEB9CKesnOPm865X2eWL9QVCKiX1VBlYHUsun6"
"176","aalsobrook4v","wQ4szNamCA","$2a$10$hR.ePNwBmqR.1YZhiBy8HeuYqAlffNt.C7fXleiX/Tb6Mjv991PfS"
"177","cuwins4w","kR7a8Jy5w6G7hiv","$2a$10$GYyYYzbW.dVSQshYUt1mMuTxaeT9h.exNNivGV5/H3vVoCWwQKX7y"
"178","msam4x","wG2f62hr5275fs","$2a$10$cvTDZxMSGtdUcR59TE6k3.6AoFOz8/ah/Xv46zRB6Q/mk7hlXVXjC"
"179","mhatje4y","zT2tKmdbIq","$2a$10$Afbpol5gQAiv0N3F6O4r1uBejTDVXYoI893Y.NCHvL2PVW2cX/2Yu"
"180","rlower4z","sT3aIbav","$2a$10$vHEL6Fl1sD2nzweOBhVqfOXI70NU/1xux0o71s4LLBlYlD9goYB6i"
"181","dodam50","iI4dVRhlphO","$2a$10$llYTNcdMyJwuTbvj6MzKm.5/FXfi6Y6X8k.ZIaWND9IZ871BVtjoe"
"182","vhaxby51","nL2ucPWSzUud5Z","$2a$10$jOInVdgrkYRDqg8D2q0V2.MIfhxzoAHFldexXLtzl5mAivAzwvoSy"
"183","mshields52","yE8sDJ7v","$2a$10$NOeCG.NOM4Sy3IRlDgatHur7ij.v9E2uyePHVm/WwMTe7T5FvC062"
"184","lmordy53","gS4uW5IsmT8t","$2a$10$wy/yUqgxNzwhfFYZK2Hy7eWa7KEvG3unuota/ZBRgvMkwG5X/hO42"
"185","lerdely54","yI651dj37s","$2a$10$QedWoqwaOViJKLXsHbjPJe5m4uVXTejak68tAF3TLNxE1cwEhQSnG"
"186","ekermode55","rH2my4ejfLu4","$2a$10$g5F9Rjv3Ewk/9mTPsDk4weCKqebPlNm8ThpxG1obmUv0mvhEgwZJO"
"187","jrussam56","aP649tojW3ffx","$2a$10$VixmLwCkEPgY4KiGabc9LOBgOj1c6NoE9U5AaTP4Yjcy5AU5.34bm"
"188","lstormouth57","kC6yVwbzdj","$2a$10$rKN9hS0DLfisKUOAibQ9a.6xUOlYqSxxpWLayxuOG3C0z.Bl.ERYm"
"189","gfeasley58","pQ4f4Zt7","$2a$10$bHy5RVe/FHdWCzjb3KBFO.4/0fSpvPxkXXpxZim8aDx70sz.T0Gia"
"190","mphifer59","vX8464z2","$2a$10$y2gr.iPcYheDBD0DvewJouz7U291gau/GSYKdak5jqnyisQWfF7qq"
"191","cdashkovich5a","cR4hhw4Pwe38Mv","$2a$10$QXOf7O5IX9p6hxALm1hzye.EnEXUnTcNYhOPoRXjK3QNZ5jUwehj2"
"192","aheaps5b","xL6hojp9eD4Xu","$2a$10$Ty4CxWaVnRmasvrNDRBw2uz48W3zWsTw8YCGGugSzBRwL/ovbYMei"
"193","sstoffels5c","eI4jBh5uAvYv","$2a$10$WNDUQyk9AvpOum7.PpFOo.CsuKlLtZXdk/TZ8VZPNNbq7sp3qdihS"
"194","dbaraja5d","vJ3dtpNVGCpk4F","$2a$10$/K3FTsWts2hQlX5PZQjisO4pp7FhUo54O7a4qCLVuDAOozoFQ6RR."
"195","tnecrews5e","iP6tk1HszDjte","$2a$10$kl2AjbJ..SPTHkJicf.2JelMYKg6znwWcDVPFL67gIdCuAJjyQsam"
"196","hney5f","pP1ssM4Xdlup","$2a$10$Z2WtfvDFfhzRA2uRI4IhFemb1LMAS/Lkv6L9f6Cowx1N7kwhTa6ny"
"197","klonie5g","xJ5fI8Xom","$2a$10$a2DD3iYMeAo89/kzPw4PR.ZGQx3oZtdhD4DtrS1tz5GubR3GGI/5O"
"198","kmunkley5h","tZ027QaT","$2a$10$ERgazHMHNGqKNvJWVDgPqeax5.dO3xeej/GlM8/ZTMWs9ui9eBSom"
"199","olilloe5i","nK2deHpM","$2a$10$gFts0refI/EMnEa9oDCMJ.37/vYF2pn1AQhxG5qH4QiV.rwkY1Rwi"
"200","mmorit5j","dF9v2uwX9ovjTO","$2a$10$GCLr9SHnZvORsu8fKxpc2.DjqXaRKureFt9.xKZ15FetBeXoUxxfS"
"201","mjarred5k","iM0eaXWkdCfFwssE","$2a$10$x9seqEGJ2Pg4EM3oGnm6De/ODxrC6aeAuO31IcsG/2.4dYZ6VBnca"
"202","knizet5l","tT3sxyF1o1","$2a$10$KpqjBltTjDDzTbpKj0afzukZIHzBX2HXpMKNsmCuoetpkmUHMFt5W"
"203","ejirousek5m","xR6w88vXKuWoG","$2a$10$ubbR.PqzcV9lZBMxFIh5te7GZiIFS7VrM8UhPZhlVVbMe2p9JMyNa"
"204","osalvatore5n","wD5tuooTSw","$2a$10$8LntBDXO9XDYvjFKiUr1xuc97rxC8za4rEV0PCCGR/axrzdrQEhg."
"205","osymmons5o","tH1dycakdelC","$2a$10$M0LTZSifjjAI.382v6zH6OdJh2bhxBtHfu2sMXUT30A3VqyuElQUa"
"206","mkarpe5p","rH4dddYcS15Vav8","$2a$10$W0nMB1qE7cqfgq05q2cDKuWnheTrbJy861.X7tH3pA7MFBTQBeHWW"
"207","shuyge5q","aJ5hEjv5uejzN4RX","$2a$10$ZvirT52KNokCojNXsgwTJ.b6EFJqnILis78fbLwdj0riaQG/xWLG."
"208","kpratt5r","hC5rIw3d9x0eU","$2a$10$TPa6T9H24vpROCBkstmZNuqG03WUDerg1Ki7wIWg4IkUG5sHMxDOe"
"209","bboase5s","cN7vhMmRsehd4s","$2a$10$xqa/3o1kO51v.YPbC4izxeeBHwtF55TXgdJsUPZIuUIlKlekYWIOK"
"210","clukianovich5t","dD2etosNSVl","$2a$10$C/ewI9p29ugCSrTPUtAM2eiATFsHWaro1BRWZbKris2rv8ySh1mRO"
"211","mkunzelmann5u","qI42U1jRE0ytG","$2a$10$I8QfrX1QZnu0UDpR4lAm0eS8eFJpJ1ug3y5ff7RZmbiKVRlTSu5mC"
"212","ddockrill5v","cU6rpepq94","$2a$10$ZVWsvmPVpi/IgLmrrG.eN.FdKzDpdftWpDgXjsQOLGDaZkJi2/ROC"
"213","acatmull5w","bH2acUj3e","$2a$10$CxK.N.Lnaar.EoI/weIrfexiloZM8AFpII9wajYGaLkAcXwzEHWpK"
"214","atrump5x","hA1mtsrL","$2a$10$8UJNf3axjFKpGe3x/sMelOK3XxsHCR4MiSIldXNFr3Yje7VJ1UbvO"
"215","aoutridge5y","dD01ouyABO4","$2a$10$MBw2LL0JXUQNSohUXEt0IOl08ideCI5Bw9FeiERL8knZEUooBaQ2O"
"216","ghirth5z","hJ5592eh","$2a$10$CLm6h.G9LO9yCnBzv/SmZepxVUgJyayATd5lcMx.pCp0EaTgK8CG6"
"217","sower60","yU0w53WjQ","$2a$10$bBtMttMYDHVg5nQBk3x3qeadgdvNJqDc6aZwm5cPMF0LdNIrU6g2S"
"218","lmatieu61","iB7vDsXN5","$2a$10$47JDeN3JWIwaglj8eADEB.ts1rJxHLZB4yjfWMChY3vJMEAFcZMmu"
"219","cmoyles62","uH2mewfljvYU7","$2a$10$TwwVwybqjsaF0zU6rljTy.ng7AJrAeQryu7jbPxzmxZjXlE69qoAy"
"220","akadd63","fB2vw23xqawpbk22","$2a$10$oMFqXZQ/mdQKtUYXJ7/lfeg7DH5WlcoqU3icwll4aSbNkifMfL8m2"
"221","cgepson64","hN11UU7mhX3","$2a$10$MpGVaNLdck3Y26GWbF3Jh.xgevZF2Soy4hdGhy9EhmKQFn9Sm4Qqa"
"222","lroper65","gE3rc5nrBu11hBt","$2a$10$PBGvGBLokgX8wgusrq3psONMnE52ZLFRFBb3.e0Rhjc9scy3TNP86"
"223","gcatonne66","gD5rprtr","$2a$10$4rEo1gjf9vzuNRy3yw4yluBQv6gk7BLobyhoiCVnP2PnXvvvoWlIe"
"224","iandreou67","aY9rxaRmG","$2a$10$tBrumTmTvrIpSaC5O2afJOST2cv.3Jw207dJX9jTueW0lCd7OgBm."
"225","wdingley68","aK9sakPv4zOPFPOw","$2a$10$mPA5j9FVl3ZuVJ6Zjij9Se6ygGXp1PE2bl3xyt33EPKm2oxSfxikG"
"226","mspieck69","yR0madJF","$2a$10$3P3GfbpBrcPPLPAThvDhGeF5y.pNFNmF6vrsBhu2DW/W5jmD1OWV6"
"227","kmccallam6a","nC52r9s1o","$2a$10$VAgfhbiuvEGhsNGF0g4nYeGRP6yCotFR598Cj7ZsscsXJsY/CiS0W"
"228","ajohannes6b","xZ830eqpLHy28mjd","$2a$10$XKJB0zKrkG7hdgZZz4xSgeaNENs4KKfYU6AzHUpetcO6/n9.m0LIq"
"229","fpackington6c","pN3eYL5s1j","$2a$10$mOQJVoOz8X/8uSQb1wzSy./GNbUvRc2U.yJQHFdnEil4n3ODsyQ2i"
"230","elow6d","yH2esQYsm","$2a$10$hsBepDVHtIehEvHAu5u9Te3FI7aLHgcd3zDeuh2/OnS6PKYiMufqK"
"231","ekestin6e","jB9dx3viIy3aty","$2a$10$GwOo8MGVA4fVkrETNY.0/ec930e101ye2cuT7t5kG.5xOQLzhtsVu"
"232","wsitwell6f","hZ31cTEOYvSh36o","$2a$10$TfxMaVoJJoCGnDuVPEUZEOWKyG/WU7cx5fsR0UbVSawBPSRzlXL/a"
"233","sjepensen6g","oT05ydu1rDH2S4w9","$2a$10$fvkZyjgm8I9qNuizSIbK4usBSyVrJ9pZGCeWn0YgGpu9H11g94p/y"
"234","tbortolomei6h","tW0hvsAxBh1VHwZM","$2a$10$kwawPkeFWOMXxU3NeQPg5uPhsZ5Z680xAClMke4nXEYP6LxJi1w2a"
"235","ostait6i","rF4dIof3N","$2a$10$dgO/dVjGDwJ/YY1b0Gn6Au78LmkLXaKNZIJs25F1/8w4CY7MpoZ0."
"236","lemma6j","zW7rS752mrsBa","$2a$10$DeZ4zQ4ztZA8CcAbDSR28.x.laTdDIosiBrUnG.34LETsU0PxBAQy"
"237","fgoodbarne6k","vD14tnJXfs9vUm58","$2a$10$V.sCMxf7QM2QpgHH19AWLuwpAGnTzkB92B4uhuFl12J4jcRcgvJuW"
"238","jturnbull6l","uZ2ahgCsysutBs","$2a$10$sdW78f8PnBiOdgXOUKNIkeiBILvpL1rXVBzeEzHcsDCBXlz.iVoUe"
"239","ttraice6m","mS2hMqLk5SgjL","$2a$10$h/IrXxIouIM4rLLmfB/MZOjmhEEWGfS75E9PR91n1oeM317SrWZ4W"
"240","cmacmearty6n","aW5tpstz","$2a$10$63CBmxw2ANo0zV.StqIUHOKQVtFrQDxedTAl6lYp5Txqr6DGMlMAW"
"241","jfidgeon6o","bS9vzryryx2QF","$2a$10$obDUrwjF/fjLnknF1PakLOIMdAvX04kXMXBaOhmTRBOPNgNDrr0Ju"
"242","rvince6p","gS3m6nAhdglp64","$2a$10$6MIZYoWbaRFIOzbeRcuZTeaEMzzlbHSh2cEHEo3VFXrMpCrpHmj72"
"243","eyorke6q","iI4pye1f2fh","$2a$10$bdjMBaBysJoCCORewmAsCuYBjwJ8lg0b6KMsevLUlDX8b3x8B6LMC"
"244","bcansfield6r","bR7jvD3rFjWaW","$2a$10$W90iwu1zKo4qquZeh29Xu.OihLuAcjfsGHr1iIrfB3bSGbsb0hzMC"
"245","bstodhart6s","wO71svev8n","$2a$10$FmoaRSUGkxLFhCeOMpN2e.MHaCSAW4miRt8GD3FasGAk7ArdA1Zk."
"246","smadders6t","zS4tfqdcwBq6uxB","$2a$10$29IBJ/mWhmLn71aRoIFuL.O2vRbO/T2vxtQXB1CGTwKvRWIJElRo2"
"247","mfosserd6u","kQ0vQvOoS","$2a$10$bnF68/2WBJau54ZDNevSEONCRR4DTwVP.hDVIfQBe8gpvyNeiYtYa"
"248","ccaught6v","wN6pdXwppQ5mW","$2a$10$jb4Fm4tLjWTM7Crt0YGLB.sSOXXiR31BBeUwfdsXWA5h.j4apDYbm"
"249","jmcrory6w","tZ6wQNff2J","$2a$10$jrKuRSMCfnoYsDmwantwA.AWK/6hn9jo32gokCQscoAHcoA0HwIAe"
"250","mwhiffen6x","fK5jqozvKjf3d","$2a$10$F4puenT1NuhDGpRttrxQUuhv7byzFwQbtoFTZ1rWJcM/scSqcQN9e"
"251","wblesli6y","oS4mtbojLyD","$2a$10$7Ep3x/ebEQTyeYRs6Az5yuuHwtGUXKoKBXPVed3LqFO8R9gMHCig."
"252","twooder6z","oA4w4Jugg","$2a$10$HImCB0enoahOYn/tutlKAOYuJn6t/oYTUVH4bQgE5pVwgiYAtUZpO"
"253","bbote70","yA88ydt2FZZa5","$2a$10$sc2Nh60nZ6TAzl32hNsVsucY2tMVJxbzb2auW2jr13ubk0Dj1srXa"
"254","abretton71","qI52Ohd8R14iivcM","$2a$10$Uz.2NQpoZKE7sbeELbIIsu4jA62ZbrGghscEFwwmsu6K5.SEq6Dxy"
"255","ecatenot72","hR4f7hhvht4","$2a$10$7KdwOtzMSpgwPinbGWy6P.mEolCE.GZ5it6VqbuqvS.AYjch8tth2"
"256","lyezafovich73","mY0seonjlAhto","$2a$10$U9Z9cyJoldu.ueGYB49ZUekW9G0a8juxxGEVo7IYe0QM1I7myzmYu"
"257","llaxson74","lR9htZtxhhHj18ay","$2a$10$JiaJX4HncQwgI0AsusOjWOsrIvtbs1sJ.8B.hhkesjmow6V8DReni"
"258","aescolme75","uA9uKYd6","$2a$10$P.yarEa../mjaKElK6en0.t8X4YDISJ568nurKBRmiE5tK5t8vuam"
"259","mgiblett76","dY4dmhsCTch1Mg1","$2a$10$dnzbYe3FlvroMVSEJlz6JeNF/3ze14LsmhimYmkqcSkjgqsnBoDl2"
"260","tetock77","uY0h5hte","$2a$10$spYXNr21RikGMaUacfOapeEbHjKgOp65KywD3FpzsZ4e0Qijp1IbG"
"261","kmcalroy78","vA3uwJkso831eay","$2a$10$wCR8yKQnkWztDuJq7LQVI.LWViQQnisbhiy.RGPb36o8fEO3dXZDu"
"262","scandwell79","hU71vvNWq","$2a$10$EWFcU0HTLzF9LNC3ctbT0uY0fmgowKjdQ5.IbKCK6U/bXy7tWdgPO"
"263","blavelle7a","sL6adSk5vd","$2a$10$383Sdh85SLl8MDYUSttuueI7.kV4ow7vehdHHUkuUT6qS79ByskBS"
"264","boglessane7b","vK0rvxM1rmMhM2O","$2a$10$IPdalQQA9QevDaKIWoQltOCg84whkLwtR7RWPaWsdQraZddYYjd/."
"265","dharries7c","iM9sIrtt82vp5","$2a$10$.WNh4UmZZohd1Q/mbc1kEu45JxQQ20i3LErNUcsDfdgJGqngj99Nq"
"266","djoincey7d","jU7dDzyX6tw97mYD","$2a$10$aRb15nZ8s71PvWf9z2HQCeztTo0gi47Z99Cp46JWTEb8/fpuRdoD2"
"267","aeglaise7e","uH55mhXw0D","$2a$10$ABbkX6jlt9QH6fxpgUEC2O1L.qVn3fRgEf2gvxcpQawZF/dJxD78e"
"268","jwaberer7f","mQ7vSyYSHe48r","$2a$10$aYgvsWo6LxFO3WHKLieHPeoWgPFOs/XWNFA0mN9VTaEqzPBtUiK/O"
"269","dounsworth7g","yY53uX3ZuB4pwhwv","$2a$10$nh0cWCbzPaGRjI3UeilW1e7GwlA8pKa7sdp9M/Vl3S2tgdC6mHBI6"
"270","sbrightwell7h","vO1rVX9GhI","$2a$10$N0Y2Diyj68o4X9oOqywPN.yJkP9Mr1WzO9RsnL9f/25kDB7umN7.2"
"271","nlorryman7i","uT8hJsZ03F2HNek","$2a$10$nnOMeSpg7peYCLAACPlbeu6o6LdtccDMDyaRloOQ.PmeOh8bBD8rK"
"272","lhuffy7j","gA1aK9YCAfh8","$2a$10$api1vKmB2WyxBLHxNEPisuGA1bHG8mEMFxg2.9oWgYlwsiUWdSaS."
"273","gjanota7k","zJ4tmVfZvtdu","$2a$10$3TFlnUW3W6nmQqbB.P8Vuu7kRERSdQPk5JwOo9X9DB2xxemcaloBi"
"274","gseven7l","kC85gL9djdx","$2a$10$OHcL2Dm6ejR6Ija7xT/6kum99pz9AMq0raHHBDh64ZRI84bdgXbCq"
"275","fbeausang7m","kI5p1KPU2cuE","$2a$10$db77uwYVkjC66gPJGmusceRcTniBR6y2D/eYn7QWw8PVZPig9q7Uu"
"276","pbastable7n","rP7mUj6d20t7txLl","$2a$10$6NNAUnLJk1dRrJ3mEh8bEO692yW4nfoDsupoQ0GvJHJKUdziSPkWC"
"277","atither7o","wY8hupAWij","$2a$10$U2N/g4Fi0GQVGDg1tGoL0.9SPhLe45PwPDocja4MDp6ZU3l2ia35W"
"278","mstempe7p","oS41a2psam","$2a$10$wRy/uVfU3tL25Fn83V2FYulZ5KBxDUFhHj2qPjWzeTK.IO0W6Z5U2"
"279","tphillipp7q","sB65fws3ishH","$2a$10$5DiEMfe9G/uoH7WOaWf/uut5Ir4wHbKNcpIvmLS4zERyBLninf6ZO"
"280","bcornwall7r","rY3m7Krz1kd","$2a$10$Ul9Dl..5g65OSVkRetW68ez88e8WJmojQ.L7u8C64x6qYt4wnxdbS"
"281","rjon7s","iS4hCyj99","$2a$10$IT0EXSJ8g6dp44eTUj6Ak.7j/748c1uZjNeO2OeQicorVeka/vu2K"
"282","adanzelman7t","uX0dztIwtR","$2a$10$1n63t48635jNXFTkgbEpR.w8fg4T12qF2K60DZXupROqrnqb0N746"
"283","mladen7u","vE5e16I5YjMw1mN","$2a$10$YEzTEGlHi2QTqNBJTpHu3u6x6CckQ85hyuewuHqYaKvrvf8m6o3L6"
"284","sruffle7v","dB1r9ZIJsvftaBU","$2a$10$3DRCr3GA/k.YUyeJ8jP1oe9UHZtlYUgRaIOVyXdPIIePRazYVNjkK"
"285","gwoodroffe7w","bL0t2siVwZ","$2a$10$JSkwZWrg1J22U4jo7WbQh.VlmSyBIEGgZZMswSVtvsjy5DFObUsiS"
"286","sbertson7x","jL8hpshuY","$2a$10$whuAu63rxhc.I90ghIhOUuWNPUd7CfKN6FyZTW5ml/Keg38NqpzPi"
"287","cpeers7y","uQ4hyvNmlwXgG4ta","$2a$10$..6HzQeBZYQ4zSjtiIBzNeFiZS.iEIaLnxZ1066oQAbg4iaEfCfI."
"288","abrimming7z","oT5e1edkTD","$2a$10$OwCEZl/ODO2otPudB/6vkeZmxwmurzqPKirYuuCIiINhQPjH9x8O."
"289","hlillicrop80","fI04YEphv8m","$2a$10$xjLWfe8TEwI0yUuJSTQkbefomCyA3rAAZ6ZL1/FxnjNkhQQavmLxi"
"290","kbaynham81","zX38eoW1Q9zNm","$2a$10$JdbSXqb3KNDDjLpjQg.hOeuvdn4Frb9CxMtvL.cpPo2f2hxHJl7He"
"291","scromblehome82","tN7tETN1pH6ag","$2a$10$0P93O/eBsx1W.Y4ajmQluu1hnRgPiHIr/ZHSYAi.6r486IeJ8upTG"
"292","glamartine83","yQ8esswhcyGSepGa","$2a$10$TG05881GSvo/wzDpBM.el.UqEnlKry0LBedQm2tFt/wJvwkkuOU7."
"293","edawidsohn84","jP2wJsCO5Cmw4pC","$2a$10$wWjtZ7k8PfQFPiBr8Gin8epRCQRl3azMWI6h.wfTBOmZCj0SuUPyi"
"294","ledel85","tR9d5dprj","$2a$10$skMk7dft5xF8yZcfGwJlieKiQO9rim.oG.5tYwKf81OYqTprr/Z6C"
"295","lbeake86","iW9m3toew1sw1f","$2a$10$Ht/Yrs63J88l5rtwUH3gn.2CAAJIU0mmAHj7V60RuyVbCOZBOMIDK"
"296","casman87","jF0huJfdde1","$2a$10$gfMvGCwjxkVL82XblG4hRel7AUMM0HUVgznEfBx3rSuhN2fGp60Fq"
"297","jeyeington88","aV2vtsOC","$2a$10$Cgp0jpNbQFGicldFf10dR.nk1ujdxiKhqhxI2.OwDL2TjdUe.2JG2"
"298","cayerst89","wA8hbEIgS","$2a$10$NMK241ayoN3/ogbfsuX0fej13aeU73qHfALIuq1H8u1Yd3cwv2vWC"
"299","rharnes8a","wC9rp0xh1S2dhrre","$2a$10$akUKVV/F7fceeW6I87W.menb9RnT24LI21SWp0lJWZKACdRFm8GNq"
"300","sbullivant8b","dS3ypht6Fht4","$2a$10$gh/QUT5zzmKytYn6Ee218u7rSRzyhA0FJwEq7Ae0M92gOwkRgb60K"
"301","oeye8c","cZ7jpEfHqEpbthy","$2a$10$Cs5dXblfFXS0Y0n6m.b.XeEaErIpiUwqLV/DwD48YQnhwf9KT82I."
"302","lbollini8d","zV9fFaC1f","$2a$10$OPNhMx7irrTma73ZlS9ky.zaJny7FkjnWYF1TST28RMqHzpm21QCa"
"303","nbevir8e","aB7jaV3pht","$2a$10$u8s52tpa6GXtE6F36CmUDOrblvVGAqvpCZ87GZGl0MYh69kWuTg/m"
"304","lzack8f","iF9jAsh1","$2a$10$dkK6XLRLAtJ9waXnZgRwfeMFm640HEQmA5ZbxayQw8gS4KYA0JGfG"
"305","bglidder8g","sV3ph580K4","$2a$10$TBDMEZ.ylUuRXp.Kbkn14OsMSNV/nV08tVWPsiHVGwFW/jwp3sqMW"
"306","sgookey8h","qH1uUfalx","$2a$10$L7FcWE5qezCWuofsXCb4NOTRvcXIV419Cb42Nd0m1jQE6exa20B6q"
"307","hgunter8i","vP8yQKQhifhrwJm","$2a$10$Us6D6Svz/XeFd6857PVDX.i9g5yN1tkhjqQ7sCMm.wxAGLnNn580C"
"308","wpoinsett8j","qX1fvdhy2Lxshfyp","$2a$10$jZvV86MoBUjnX6ZpQ7PrNeAmutsIdeRWalfMWpFu4OH4SozX7r8fq"
"309","vminchindon8k","nZ3vpmOmh9ef","$2a$10$ujEqXWYNJmt0WYBddGcPEuSgepozqGZPJxQnSG36AlRnO1rc3yEfm"
"310","bmcauliffe8l","rJ3etw1Eht","$2a$10$wm4viLlWj2Hs51ydtZAQ0ugNuh/QEYemtKWBtQUmcgn6mepASlZMm"
"311","kmcentagart8m","pE7t0THxErsCGjv","$2a$10$8qRY6V96rVzuH7a9l/mQP.46oVG2ViA1cjPWvukxDoI4OXqLgc7yG"
"312","khassan8n","mO5te56y84a","$2a$10$Y4ZLFpgOp8chsttQM.pBQuM58QL0laGizliHMA.bsC6K/OxCdVHlW"
"313","tscamerdine8o","kZ5rsQ8T2haTDNXP","$2a$10$5ENys67lStmXhCaaGNOW3OXbjQN3hMn.MAV33nIQdpOK.z5JPNBaG"
"314","hkubelka8p","vA9vtR8mjY","$2a$10$TW7k9kEhZSzayXkbot9kruF4XfgKFYet7KGgKLMmNutHhXqQsZsGq"
"315","vkeattch8q","yN6sQhEofujKVsOj","$2a$10$awd2B00sUExQ5ooitkR73uAIzGKLLA6SHcc9iXqEevl.RbEGCWCW2"
"316","ablaske8r","lH8easSgj","$2a$10$Sl6wfT8zvJVq6gLEay6FQO.RCCiOGGPSHwmWIFk4xDWqwlIBY2f6m"
"317","dphillips8s","wC9hJv3OXo","$2a$10$XHFbZ2SC73NKsaD98PCHo.9Opn/G2ZCbqKfdKTQQflKMDrCb01QaW"
"318","efoyster8t","nD9hhgIa3C","$2a$10$Z2VGkq3tyMdU/8DCUAYIU.PLk2w2QCnPTCZvowhNFgco3U7P196Cq"
"319","jglashby8u","jQ0sMKiMOf","$2a$10$gpbPUjjIuP1tsGseC7oMa.xkg5l2XYnUOrZ7hS16uPk0tLG356Unq"
"320","mfakeley8v","mY8ft4Zncr12K3q","$2a$10$IHPakdj03ITwmq0j8Uk7Gu8J/rQZit9NuXhQJj3RC7LjmGGzQnuMG"
"321","ksimonett8w","vP5hcJvghmJ","$2a$10$tLTikoq3cLEEWhMI8n3LYOJmtUhXKX0eTSxNWoqBe1RIA6S.2Qc1e"
"322","cboughey8x","kJ21z5dUPrnaau","$2a$10$OuwOqOnCGv1uChoe218mEuIxi4zw5wQFcLaMsKJDNVm7WWplMn4yO"
"323","lweekly8y","rU5wXE4hFklDfee","$2a$10$m749QZ2V0uBicUR7vv/2o.JLJ/9zFqTfWtZioLIPSL4JKSSSWp.Iy"
"324","jrobelin8z","pR7sxvctD97vd","$2a$10$gTL1tpiPPuryz/qeYF/9TucSme7v5JpGRtjqi4VUMvJWtYtrQJtu2"
"325","bfiggins90","jO4shbuJU","$2a$10$YTJpqZRxKduYy99uYEAC9Ol/WUorJUEb7K5o8A9fyQSNnC7eCPR5a"
"326","aroscamps91","tK2jzbrmjpeTy0o","$2a$10$Nuw.TJQFthboWj2eBL88r.6CbceWs4QWMjv4HKae3zqmnPKvPyv0u"
"327","rbercher92","kX0rGpShr5hDWr9","$2a$10$W0Ea.G7oVUmjfC724QRSzezBtnfE65ZbZ2K/xKmIfPnDR1c5QU3Te"
"328","fklemenz93","uL2hWfft09ehe7","$2a$10$cjxu93vSJ7nCGApXmW4F.OSeB3mYkJFMCqEdT2eYPtqz769kJeLa2"
"329","mpalethorpe94","mB0yvusGdwmJv8","$2a$10$g.Q10WprJExzdoq87YIDDengyyiD0mxO2zaGEv5T8HZ4h8P6V26Aq"
"330","wquarry95","iB7tsXar","$2a$10$Dm7tgxcy/btHXoJq.bQ5VOD.1nCsl1NUv4n9cd1KbTr2B3/N6wyJO"
"331","sbloan96","xP6tFL2vy","$2a$10$c1jDybqgMnmmWdX0XEeHieCyVid.sLzBnKUVhaBWn13sJlglgv5Iy"
"332","gdwelly97","pH6fyEtlL","$2a$10$e5bDdTS3dwF/K9xXMFxQvuiqwT/3Ew6z7EEppBNvHZWceB.Gvlll2"
"333","hickovici98","uU42Bt3Sq4dnR81C","$2a$10$HiN/wEqzePrjxSnz7EC.CekShDufZ/6liitUx1OWUoJP76gXeH.HS"
"334","hnethercott99","zC8yy6qLtk","$2a$10$.KCvDcuUqJHgwTBf5M8PSutEgzu5Dp1WIuLGOHaOTjUvXNFBXn.mm"
"335","ccottrell9a","aT2upN12DknA3N","$2a$10$hkEmXJYB6pHfSNtAtQbDBuooQnvf.wvB2fg.OjPe7QKl4mSYIC6A."
"336","nprout9b","zU22frnJ2tTqeahw","$2a$10$LTk9Vwl69RD9dxuy/HUwbOHlVIRu3Fd24gqXRk3C3PU.SEyIDznwe"
"337","bmichallat9c","qW224urgftvh","$2a$10$F65y5uodP0FZnNfGajfAQe/.z2dopH7z8vlU5H6TuRLnsmvSXj8Wi"
"338","sgadesby9d","qE3hU2tdyZhpLk3","$2a$10$xar11AjOMtGnRw1pUfxAHuJFXIZNDKoOc0qh6lmruGZExeTRRk07G"
"339","bdecourcy9e","rE4elcHdm5L3","$2a$10$d8k/WiYXUMEgwOgh2uKsquL544trObzqmdU0UkKvnhTf3rSsRvWK."
"340","rangeau9f","jF9vzWvd82I","$2a$10$roESMM7FMPcXFMEgPW3Sue5AHvlHfdKxZp0djdyVY5fI1otQGO.qG"
"341","aheskin9g","wC5vsBvTjF6","$2a$10$RomCDI8Zr4PQQaH9ZCktc.cUZj010/Kf/gRb8xd9EIbBtRm139/3O"
"342","fwitham9h","uH2t1KMaTm","$2a$10$zrGUMdBmri229BIufe7uOusagc5GygD7.IhJGL4N/b9qeEGtHc.nS"
"343","muttridge9i","dT2md4t1Wh","$2a$10$M6yasCNNv/CGN1PYByLoROsCDW/wPoDlO.2OTj1YjPl0jQwJ9kY.y"
"344","imellings9j","aC9vuqsewi","$2a$10$qpFg6yaXPfu3p0hyT7kwBuY8Gr5YOwShA5w7RdDhewqCSoDh6SrJ2"
"345","cfawlo9k","iB3uj5bA8n","$2a$10$2alcuWXqy88FpIiQU.pLwOaVZPu7.BYg0bYH8RUn7.ySy3ostjY6W"
"346","jfouldes9l","xP2mvts7JBXl","$2a$10$mjy.w3IQa45GwWq376YVIOc3fMC.zjzf3hK6V1HH0QVRokiX4Jxdy"
"347","fdencs9m","kY9mjQw0","$2a$10$79k8PJm6S4kwWZboSKVtx.5WD3Vy44XIjohvldaRX8ChEkczQ95qS"
"348","lgutridge9n","dU9m1cwf","$2a$10$EgO3Nb0M6F0LqCZSVrEDrOLOEsLU2YjbUjp5BCf6Bjn0CdjW9dZOu"
"349","mmalpass9o","dA9epCjgwpTot","$2a$10$Qqqp1I8tfQKcH6UrmHxlDe5DkS2bf9k/4WQaJ.5rN.fpZqlFAbR.S"
"350","pmarchington9p","xF63Z5FaFxpWl","$2a$10$DxmxjZIxY0LdV7jZiX.i7ObUh9BSBTu0/OywKGIW6nXeDOZ1VabxG"
"351","mkenney9q","jF7dBJzsdLk9AlD","$2a$10$AJBwP2jc/Y8aZqVg9RySO.3ee2U0LMzqzycu7RuGU54zfC4H3ZoGO"
"352","msowray9r","yR9tfrsaHA2vvM4","$2a$10$Dx8xJpZXwJSXi7LhqmBPkOBUZQcKCKb2bCqeNXORNPm7gEViOrjyG"
"353","dgwyneth9s","nX6dhC2th2","$2a$10$YrjxqUSVoxTBdKWA68yXUe9TRu6zhsOHmf/jDIBdGjxN8U7Odk5ny"
"354","fgeroldini9t","qP3dn4gfA","$2a$10$SWDAkxrmx5K7LMK3kLOF7enxr3OJzyk3Aw4H/kYHzfYiUMMNzI6fW"
"355","gambrogi9u","gW6jZ4Pap","$2a$10$AnHAqFVxlPF8pebxZWjilOOG5nZrl8Js1guKMkfxe0N/uL688HABG"
"356","agallety9v","cR9j1oyCyER","$2a$10$b82mMCNGdqN6Qk1M2Md58.c/x7Nm15TteZtzqW/8Ve2b1jsMD015K"
"357","utiltman9w","pK0h3JVhHvh","$2a$10$/6tuhO2nj7OkSImllB6zCuCc8D3qwMTocMh/G/jHjaLCSSEil2Cku"
"358","gchezier9x","iX48of8C","$2a$10$cUTGX3Ek.O/J/t9mgsi8C.KqhuaZyqoh9y2QL8UT6rpg5TP8x9i1q"
"359","mchristall9y","eV03c5cvLs","$2a$10$uurBHCqwZFHMkuOeZ4kTDO1omNf5hKg1LME0jHW/LwjEWcCqc80/e"
"360","rprettyjohns9z","wJ6pfSvny","$2a$10$PfYmX2xN4UbviqtgN5RnoOTp85cmOdx6pXCVbPJ4mlI2oJ8FwjFjW"
"361","dmundeea0","bP62NBtXVS4","$2a$10$/VF5tni3mhs2T5JBCC7o/uNNCt1qL4YpR6lKPUgrEG3C8TW6voAqu"
"362","rkeavenya1","hZ7wNw4w5i3h3dc","$2a$10$iQUhNHp5by1InQeQVTBgxOR6wpYgMP2Kqe3CJPY.7QDDmCWLw03iu"
"363","hblampya2","iB2faxswAnvEw1D","$2a$10$.d5q79u7PUPBS4b33Lo5t.KYYcV38bgmYz0sWL2OM9Up2Q25hDg4i"
"364","eusborna3","pX4sWMZvehs","$2a$10$Hq0t0wQSN8gRo0VjW4KHdeLhe./Qsl7y2tbfBQqJX2.e0r4LuWpxG"
"365","hivakina4","rQ7w5spmha","$2a$10$/JNXCtMnH7g4f71cYx7q4.mNd4brBZyLCNnnUhoIFtVyDgKfM2RnW"
"366","wrattenberiea5","iJ3y7pHGXpyay","$2a$10$vi0CTirMC/f5VxVPmeSFquY05pSt751z8b3rnye8ImIgKFKOHS38O"
"367","vbarwooda6","lV322eOsb","$2a$10$ppg45GWivivlJLYEmmg26.GWLKOlQQh1Y.iZcmMdrGBQs6F6jjy4."
"368","kcapelina7","wZ21h21Gs","$2a$10$UGXNT71LAluteDiAvPt7bOIbH4JyUXuZQTFxisMio/sQzn0AaybbO"
"369","meilerta8","pG01Ou1mRX8pb","$2a$10$Y/0j1i1bt8VIODK3NJMaa.wGeirptrxRsamCfZkc4Zmkn0ZZoXqJe"
"370","emaclardiea9","cR2h9qp1X","$2a$10$rz/SLYhzTSIGNH0Mi4eKse/cLqzYcgu6qXLDCelKAdrspjRBxU1Y6"
"371","cphelpsaa","nN4dwwKhpk1u","$2a$10$9hi7bjn11M2JozrYmQq5Z.NZOVNH3sUGFGzdptjP3J5U8hexJ2seW"
"372","ehaniganab","lX7yOuGPOZNu","$2a$10$uBfZYRj/Uj0RElwqGd46xemFRwmKNW449Anca1FkSUyhEwa/cEMD2"
"373","jsichardtac","vI4fvhUonCz","$2a$10$GrXJQS5pyoYdA6DT6y.odOcVyK3PGfvSmxE2/L3sutifnutldNKFW"
"374","fwarboysad","vI2uB5dj","$2a$10$ssFLI4CObiVe8gMtV3P3XuN4Ho3aTSnMDVysrgeTnxLSebTO6ahv6"
"375","dmitchelmoreae","bL4vroqe71","$2a$10$RF416WNOyfzH7Be9H4D27ugB0UqOb5oA3Dp83Z3mhs0a1EJoAiKI6"
"376","acordobesaf","dM5mfedE4hk","$2a$10$G.TljykyYiXWAkCamx6Nvuov7AkvTKkQ0xhYm249.X4wEu4KT65tG"
"377","echicchettoag","cR05jE2e","$2a$10$41MNS0YQox0Icbv2g3OpRe6qe3yJsNaJIg7XOD6nGTnNE5I2Y2bR2"
"378","ecoggeshallah","xV8aRomJ","$2a$10$c0kGig7yfUldLr6scwmINui/xrW2Q40/MteCRhBZT.M/L1iw74Nsq"
"379","cnardoniai","kV23h3rbfi","$2a$10$1eYAq9OTb9eurWC.sJALd.MMG06TZ/y1TlDn.Go6ioftZHaANHONC"
"380","ohealesaj","pV7syqyd","$2a$10$bzew1QAQcTysm3ymsA4GougL.fQNze6iWjExiTGWT8Frmi55U0u8i"
"381","rhuishak","lK5ucrrpNBsydz","$2a$10$MyYOAXSslEFEXt3fkTdXTuaFk5rd0PyvlMnmpn0OJxqom87/FXIi2"
"382","schardal","gO33fg3pymdj7","$2a$10$2AbYfwTq3QE79CL3OxwnIelcSlGpGo0vMOqdpPg1uRXYDSzZASeL2"
"383","hdunrigeam","pD32h0U2","$2a$10$7F6jOuYK4ey/5jKxfDjS5ecVAYbDfsd/L150WjMC0TGzewgXkTBla"
"384","bsurgeyan","vK7fRpDtl0d","$2a$10$hjRMk4TkKitavE535PH9MeDbqTsEatIXNMRUTLnjQbzCZnWXnQAfu"
"385","bpefferao","rM0h4jdEXQym3q","$2a$10$dMmzLcHyOOFKnmYa3uuCmu1WX4tLTf0RcUWvVxqVludb2bsCA8rj2"
"386","kfosseyap","kP8mpbtsD","$2a$10$lV5LsI88JkvqKxv7x90eBOsxNFBtV/5rmzkXqfe9w2HHT1.Ea8MA6"
"387","qdrakardaq","pG2mtKAscjW5h","$2a$10$anCck7C7jNKIpWXxpuWMCeC7uvRs55vWeVTaf2NLVJju/rdoil2ne"
"388","astearnsar","aT0vwG9BbpmPhhf","$2a$10$0nAPjHdW15AOzsA/7xixlODvTPffN4s4jUFtcipFjLI.UGva6fbwS"
"389","stomainoas","iT4aWhmTd","$2a$10$hEjXXcDf7fnSdDGQJlOa7u.Z5M8SiWNOcmCUl2mOP0Ey.lqnE5WvS"
"390","cpatchettat","rQ9w0oxARd","$2a$10$E.crBkxslmYf2KzO9qLCOuQ5mmTRmc3koR9yZ2mLhEuiJ5Ru4ZY7S"
"391","psantryau","rM2uh6CBL","$2a$10$uczh0PsOgCWKYMqIIUUpCukFjYos.m6Zx992WFU/WYj7N.iLs5tiO"
"392","vdixseeav","hU4a1tleB","$2a$10$f9rfncGa/85AOGuqi7DTeujDtbBZdUv3QIKnxgew9e.R7vVIY9jIe"
"393","rnecoldsaw","lA5s0ddhs5rQ","$2a$10$yEEAK7cRIKeFbIdb8ApeNuLUT9BDfRysAV21E2V8ksNfuZFjte58S"
"394","ikermitax","mQ9evcZgdPjoqd","$2a$10$/mDCaktyot8zUPDvfL.TYuVBUC3BkHVAGB9Gujw5uf/Qsga.V8LRi"
"395","jgleasaneay","iH1vu5DU","$2a$10$wmrSpBgdWnDidMWMDAp12eMQp61anhqpD6lxkvYrEiT.lUI.TGZwK"
"396","cjaszczakaz","uD0uuX5Yy9vXt1","$2a$10$5xJyDN3jhHhPdGnWjH02quXeg5RjGnpsyERveF9MB1/IkPtkReHKu"
"397","rchesonb0","vN939rtZA58oe","$2a$10$SYXMjjMNi/evTxpOxW7kteL5H5gDUpDA6Hv1ZodpkCX5IDBChws8W"
"398","aleithgoeb1","pR1pITi6mLZ1D","$2a$10$QSzYmioa7Nu8RSg0bZ4UZenXNgcoUhHk5yumqMWKKU/xDpGXVQ/02"
"399","erobertssonb2","gI1trKBs","$2a$10$Hwz70nlYkjpWmswTO5goOeSjxj2Q0mOn01eZK4w4xfDw4HSBr82KG"
"400","greihmb3","yS43Hk6v","$2a$10$8Q8.xwpaqQkukiAOSwoXIejHRzgg0OHw7kr40b5uRUGQTq/56JHFS"
"401","gtremellierb4","sI6wtem7dO","$2a$10$JVcLnM4n5PJh39RBYEtBruIFoA.lOT2fcG50xw7xbtmqkCXelsPfS"
"402","bpawelsb5","yO2ve4YS3hhDy","$2a$10$BgHwiScjhyzJICnx83pyNeGQ27fWeSyrVvgIn7AspOzKAFERb4ZwO"
"403","abirthb6","rV95luymwl","$2a$10$jX6r85c.A3qHuzK6jirurevm9cyUcGhvqcBjoBIh7QeTNPhBn.e5y"
"404","gchristleyb7","hB2vZJxwYjz8n","$2a$10$UtflgoImvS4OzNFHI38OG.oYLvZQqUN6rdJhNrMJewoKOfx2N83jW"
"405","mbasiliob8","fT7feremd","$2a$10$pfkKDnBrwTpXamiq.Hu2YuwtB.RIwUGllck02L9E0D/iZs1eAnrKu"
"406","npemberyb9","fZ1eRHxtE23x","$2a$10$vPwCV51TVJ.yYOCvvoF.rOF1BATzrcIte55ntu0sACxAAX2Mc5V8G"
"407","nsivewrightba","bU613Snd1yJdhR0b","$2a$10$00s7cJPD8c5pFKAwClJEaOlwVW/rq1HJr6hP8PzuBkzGlklnZa2f2"
"408","dbisterfeldbb","tM2e5y7s3dRu","$2a$10$NSz8ANhoDiEsTj8fRBCDweHvYUMnw8eb4ePITNu4q5zCkxtPK3S8."
"409","clanebc","dG646t1cJ3taRUf","$2a$10$ofxuc8MrafiZAhF51rkOme8maqxCZFxN1YVsS/Z6CwY6f5nurbU7a"
"410","rglencrossbd","uQ2vKtkD5P8o","$2a$10$HOkLMdE6SBcBurCXW9deBeLp2/HTtFSd32YPjUGpYp8VgbV9gO0mO"
"411","mmcgroutherbe","kD7t3p8w1","$2a$10$vdWRzCMZc0SQg0ZFmb9Qdup688ttalkD33AvrS0NpZDPHRCaeOH8W"
"412","knewburybf","aV2rv90mwAv","$2a$10$vpWdvRNLRcForeKKn.9IgOgSwcLAo69lrspxe53PhA78PFoJVicjO"
"413","wbearebg","mG8s86UvtOdnizub","$2a$10$fKYxYjSMoX1dxE4VFa3m9umoUHStVH3PBpeUY0UtE8N8GiyVn/21e"
"414","sdaggerbh","mK2e4fak","$2a$10$0lyCsCc2uGEQNC1oXWLgYet/LDsSLeZtv8vIASK2A3Ymd4BCP0V0W"
"415","scabralbi","mJ71Hrrd2","$2a$10$mY4EH0iP6NyuZQpy5cDIH.BqHuRuaUnV3/GvM/xF04tcVBbYAMIuS"
"416","ldmiterkobj","nJ61jsw2T4M","$2a$10$7s/XGrL65dWxpvzQ0HWFfe1HVHYWggZ5HTD8N5GwwNbO7H2BJ1Twa"
"417","csimnettbk","aR23Ibdpr","$2a$10$cNRv/e22rzCmLdszBM/mmui9ShG22XQYgfMuMbY01LnwwvHI.hm/G"
"418","bklinerbl","mX4hGvtrLUAUE","$2a$10$gI7f72kgz5QwIAigtgMxuuoI50RH5l8rYyuZmiI4hfay3SEvdwqSW"
"419","demigbm","sJ5s58F8Cf","$2a$10$Y/F7YtzhhxjTC8DE/6AlgOh2Zt8TxQ3bL91UIPSYvC2WkXBL77gFa"
"420","estonesbn","hP4eWy5X8sNb53","$2a$10$p3HnvArsPBs5UXP4mggi0eNBJ5lGiFbIQgZPiTMw4lIimFrvOKRY6"
"421","ahowenbo","bY3hqdtcfXw74vx","$2a$10$fTHuxbDpAATeGzPKZoHLou40szTj47twlmq6LtArxXHUBDuLXs.au"
"422","eseabrookebp","wQ1jHxLl","$2a$10$/2E7/dGWer6Fm.1IMyiE6u1GOGIXB85LjcGXZdMyhnX5f4p390fji"
"423","mhugillbq","gN4ru1HiyaP","$2a$10$VvmH8HzP1wZLqISItS/HlO83pwGBeNw15EgwzGJfNQmkRBWsSl10a"
"424","iplevinbr","tV8va7z92","$2a$10$fv8TjsHg/odRN0HjTEnUCufiWsplmMzCaJZ1acrZOiJTnrzoZkANq"
"425","schinerybs","iZ4emjVN","$2a$10$i26UFdfyJwpK7DKf/cWjeuMS/auNr1Wpbcaz6Yby9.BUclnbU4BzW"
"426","jluceybt","iR1vBhtOe","$2a$10$jP0szX7ZB12S.VjVHICzeOl6azwuh29oxnCi.twhJcD.wC7Tat4Ly"
"427","dpenniellbu","jQ3phlw4","$2a$10$mb8JnEAAHyMgY7OderBnceX4FaeQxIdTqNvK/9gL8rfurLALNjyv."
"428","dfowleybv","oN6vAhyChfhsp","$2a$10$KzrtZnSZ5mZbKyIcs2XpYO.GZMzkQeTdUafoyCBgSI1AeJ5qJvuG2"
"429","ltyersbw","eM7rp45m","$2a$10$oUac2E/lXUWGC4XDTfkMJu96FKHunZyP7K/YYJ/GSJZncyF38KzZm"
"430","mweissbx","jT41IEvAwm1","$2a$10$./enX3d.XgTLtmiAPypED.idF1Jw5.BsjgsYIAgaTf9.jC.uDlkvu"
"431","jharfordby","vA5jJyAJtp","$2a$10$.IcoVW/uIBVWuImlMVPGFO0Ir2Jk2ldZLJaRHA/s9tT9Thzmoh.oO"
"432","bmccombbz","dA4tZwty7d","$2a$10$HBmPpyDFev1gfoG81ECrVe3gzufLLXxSREQtxWrn0hxloCIc3YtIC"
"433","ltillardc0","xG3mtZY2","$2a$10$E.o4FR3ubdVP7EbLJOQ/5.yHAkNv/C64nNuQT7p.EwYY.QUNuznKS"
"434","kmallinarc1","qV4stIrj","$2a$10$YHBVbzbO30VrInUSaMowZudLIaOKURQEl3btREjqorFnLYK4KILIy"
"435","alaffertyc2","uX2h4th3unHnt2Ch","$2a$10$ub9Nzm3.TrmTJMhE5/nMCeQiYyRRufLeJfa8P7KQ2aLcDVuC.1lJi"
"436","gmcaughtriec3","dT2ypS8fkOlCi0QC","$2a$10$I4lw7dnT2O7CLVLBMQSgyueGEFtI7j.y.5rlf.u7F3U1ttpXzOPky"
"437","jschreursc4","pY41EryUpdw1w2Z","$2a$10$S/GRikPkApAL63X/p42aJeAWYJxvhFrKHLzqiPRcIlqXX7nM1/zfe"
"438","wtolossic5","wY0wvgsseA","$2a$10$gBoW7EAZKcpZt4mGILznhOAinHKdaR9rs7c2W7uV9Me9wv7ytprYu"
"439","rkerrc6","dA1vI8Yk2FI","$2a$10$yLz4Xy.RBEVhvN8QMBmLLOynCCEXgLE48Q6z.Rdfd1RuF7Y5BgBOm"
"440","cortsc7","vS9vlkp2vvNih","$2a$10$W1OvRq75LcCwaLBmY37W8e10zeXsw8fct28D95YNncpYl5OBDUFsi"
"441","bmuzzilloc8","yY9y1YK4ajsDZt","$2a$10$H8NRVgetv67UxNHB8Eh2lOryBzcsG7jTSuyCwWY2oOIXh0jUPc1Hy"
"442","ohardbattlec9","dV5j0ef3hjh","$2a$10$f0EQyFiuNeY2nJgzDcprSOMLXU5BOQLPV2.hC0YnubOSWzUcA7vhO"
"443","qalexandersenca","uT82JrMSO","$2a$10$zBxkbOpbn42sM14CKjcBB.rW3QOVp0.5x/aukU1dj6O.RbrM1I706"
"444","aostickcb","tU8h5hKsvp0VtaOa","$2a$10$aKuyZ.qVQpPPeilhIRPuUuwn../UaesNXo7YjQnsqvhFO7Z1AOBhK"
"445","jlindberghcc","bU2dFymqOMwm0E","$2a$10$6jTKsUdhMo1rPCGsehal.OzJJmXA1vj4dhh5VHroDcXlPRFgSWnCO"
"446","etroupcd","uL1tVNRy1nfR4","$2a$10$q5sgAOPImMLFuZ1tjKwYDu1SD6.ZQ7VqHtXZLRWfeshfu4sl7unyG"
"447","amyrtlece","tJ4vjjty3Bhy4Q3l","$2a$10$ivSZdp2fkKYubWQj9VKETeJLoZ/w6FZcg4Or/15vwmT7U.bY62432"
"448","cchesnaycf","mZ9vI85yd","$2a$10$t233vqw.2yRms7Ei0I/G3.AGzdgfIoZU4GmFL459j6bzLQzaf4iKW"
"449","bhacketcg","hX1amC5yApwLXYTq","$2a$10$SKcEKFW15Znt2KRPtQ7LLepJPb91V4l/xY.HiXNprlBU/Dso/TfWO"
"450","twhallch","zF9j5Yj4uI","$2a$10$sP4MhxOhhkr7F2wdMTKuduecTsurIiSDP5/H1r4.FICfxyTB0PPMq"
"451","cdayesci","uN45ttlpvG4i","$2a$10$QvKcjBlmWeG6vEibQn4faONONIB.tXklG/OcG02pNtbX5vBEjWDKG"
"452","tcaveycj","lB881LWVmd4RYWdR","$2a$10$H/NcIhWQyA8ZT0oRqn6NwOGIWuSmZcJzIgNGgSkA0A1ksEwmNVUvW"
"453","bdutnellck","nE55v3jcphaiaw5","$2a$10$4Ztz11WMj3wWINnpgUVqXO/vBAz7M0FE.bdfT.HhaDbZ5Sx4zIRxW"
"454","aghioncl","kU3wHdvP","$2a$10$k7/sy65PoiJNT01oJTgAuepNzaJAW.YLc0mCmsBrR03l2yZLqlvr."
"455","dplayhillcm","cG1fQt2aepO","$2a$10$XUDOGQMH66uKZAia2oBm9OdfgcQlpZa18tfh6sKwjtEfhhlQHizt2"
"456","rraratycn","iF3169Q7","$2a$10$hn31xo1IZ9AVTtJExqz5JOWHan7uuweIGAp3zv1yKezAtveB1Ex.G"
"457","lrowneyco","mL9vW74sWmWB2l","$2a$10$ulXN50pPtl4l8BFnoDb/cOzAuzX5kPrvw1gJKVrB0iTT12YDPRoVe"
"458","cbrackenburycp","jK1htEM5","$2a$10$jZqqqF589uNzfODWNFQM8O1DZL0B2M4VmjoLidfW6VZ1eDeCLwOiG"
"459","ashuggcq","oT8hFrMqfSjh2Hxc","$2a$10$ZIGEp0TX/UXByf7tXj/YEOWN0FmxCJfkRFcLb6P5yWUQ31CkFkOlK"
"460","sevelyncr","bT43v0pXkd1","$2a$10$twb/0y8ErOcm2.LXo7s8ZezENlhzs4xNqu9I62KFKM7jyMIp8CdxW"
"461","rportchmouthcs","wV74lzVtousE","$2a$10$pAQN5qscdxLyYseUU58idOyEWhtPl/HO0bNMa8TEw0NAXMjd87uFS"
"462","bgoldthorpect","oO9jwrLzo3Z5l","$2a$10$/BDozReJtwmHtEHn6CzkMuPem53yZSOtUYw63RFUeMFIzqOjuQgPu"
"463","cffordecu","sS7djCh5wRSuRj","$2a$10$4bd2Std02FrnAROJnX0cbeSDM/coYH2BnDzajSZFXQpZNySwJEDHC"
"464","civattcv","yR3j4M52","$2a$10$VYOQVyoRnAP8yYsFrAS8E.gflwpycscJ2l6Q9/BQ4tgX4C6wOD.xa"
"465","sgogartycw","lP78jw8D85TLf","$2a$10$7tNZWK/JkQPoTPzrzM6Sm.vYhCiX.Fpa3ZTbyJ.8fGJUiZcj8pVqS"
"466","apeoplescx","uR6v45pdut","$2a$10$9agWEDVBv.75guP51PvGHuhXXCCeLxwR4YVhQBqPbfGfzJW5W3w2e"
"467","dcammellcy","oW44KDFR36","$2a$10$maqcqH6s/u1ZmF0/deEfluN0T/StPd8VJbS8h7KdG8neBGQEyD/lq"
"468","ggerrenscz","eR8vVj8t","$2a$10$4OVGg615Z2aUF/0L.Ls8OOW7Ym0SaztkFZBfJdObA3jCIVk6HnHfK"
"469","arobezd0","oI9fhtrzIM89Nftj","$2a$10$a9Vu8hloCEQlOXLg4bpV/eyfLhRt7YYNbIddd9n2kyhTh1LYRNGAK"
"470","rbilstond1","iB3wfNTBJRDDF","$2a$10$ylnTwfVV6g5.bkwoDwNol.t5UojHw2bhBd.4iFsk5M/HCVWAKT9X."
"471","dstyched2","uY73m7k3G2vyfxtj","$2a$10$KtBPFu7QaFIMoGRf.GxSJ.MPDoVzHfp6VQ8u.k73u99QKefUkDno2"
"472","areppd3","lC4s43sh","$2a$10$qXewb/H8mFL6WeNxeHRlQ.UBR6nMbGrPrWS4FJa5.r2yzp0BFV9DO"
"473","dreyned4","lF4siJzNr194","$2a$10$TINkvlkG5cJpos5THrJqx.EKxAw/IXxZgNbWEfeYXrV0Olq/bVbFm"
"474","fcarnoghand5","gP9pO5cTubwRAw","$2a$10$ZqnE9iXU6.Cj.3fiow5z1ehe8MpRHebxzaihioacVskFLsh2GU0wi"
"475","ddannattd6","aR8dvvl3","$2a$10$Q9onwhlmHA3DBO40mCknlOZJATW5yh.Z2T2hOa/l8wlujtbW3xLOS"
"476","vsherrind7","jV2h5yxq","$2a$10$JXzClx3TeQALv9Kyd7ECVufJZukN./vvzUGxz.00faEBP4vs//ruW"
"477","jmcwilliamd8","xS3wykbgndmwlpf","$2a$10$0brNhgJ6oX34OyeUbBIt0O0M3Kr0BABue4M4wyyC/7lJbYRNVhV1S"
"478","ajackalind9","sU6tyYAwBsZ","$2a$10$ZFJZrlybJbTrQBnrJq56puKAhqnRKtOH.SVU29PATCwcJ5hvgRSf6"
"479","dbeckmannda","rE8sFprNK50","$2a$10$7vI531aOHQcHKGBATInpyeWk4LlJ.O.qkNDhUT.W/FYNkri/P6fLC"
"480","rfibbendb","kO8tsuUh3fDr","$2a$10$Lwuw6/qsDsokciwhig.cQOuGnrw7gqcK8XFWzOUMezZzLw4NPASvq"
"481","brewandc","pI050X3l","$2a$10$o9/PKspGeRVoNYF8JmIfj.lHxZNzOX8zl1KWmZ9.QesWj5D0ZJmWu"
"482","mboaysdd","pE283Wb8ecV","$2a$10$uHW8ueW/nJ5bc/BI03WJe.suINMpLyHvv1RLe/aKauPJ1KRma5VtK"
"483","bfortnamde","aO3twcrtr1laA3pE","$2a$10$NsgVfmAUYCyIUnKBNV5Gau2bCCg8jEFwNmScx2X3zUg3qOB3J2BMq"
"484","mumplebydf","fN0htZys","$2a$10$Etd2pWR1xPauqlX7sQvnTOxehpSWW.RZPq4UWolz9x7uRqavU9D9G"
"485","hgorckedg","cS9dym4gdU","$2a$10$E6uDVcl.EDD46gr9Of4waeW9wUBJ/.CEXdV4wax7kQi9HrEioTtv2"
"486","gmaleneydh","fN5tgw3eeowO","$2a$10$Pf1UjMUgPJaFqXzVLE/NSe0NKqazKdzlBlAQi1WT6MjRdAMxMl1c."
"487","cshirlanddi","jN3ahu6pum","$2a$10$NVRFOMOP0z/WcCRoLoa4serS4.It4Wety1MNImF2ksg3kiRBFlmby"
"488","awoolfalldj","xN9314FdnQT1hem2","$2a$10$tJ2QX4BFHdkClMhaT3pYrevipiBaZkHX5WRwbzFYF4c/siizVWlQa"
"489","gdealmeidadk","fL8vC3c9pLc","$2a$10$gvGFLtszy15rLGVGore6guMJ5WHriRh6QPzkKEBrZ2Zh.6gvhpDCC"
"490","cmoizerdl","sN34EjcH","$2a$10$dDmqUu2P8JGGZ4gsK.eaLuYtl65hkP02dyLF9Cai/nkeCifQTzJA6"
"491","cmcpeetersdm","cT55i1umdsdr1i","$2a$10$ixcMYjDA6n08zChwMeeZcuvPyFAdc1hAFKdgXjWp7g9Fa/Zq7HURO"
"492","bavrasindn","sA28b9vkkVA67","$2a$10$cOtm/6gDE/0Y5t4nDMWDH.AN5qmm2y3nX/AUgg1AaXUh7SKEBy.u6"
"493","cpitchforddo","xR6hv32OZIDBGyG","$2a$10$YZMmOm8BFc3XjNlZ2XGPy.6MeJ.Kfa/46uFAUaodIrr6M4SSTAaVK"
"494","bpavinesedp","sO1tv1x4bqcd","$2a$10$mEvQeQAv3kysjrXC6C6tMuGlk/tyfnSI.a3LPF1jTK2N4OPuSTgXC"
"495","sdelgadillodq","gF92h5U8GQ5q","$2a$10$sxtA4nDbjugBrPfI7J53AOdNbrezE4sAJPk4KCObjWXqPVI77lbgu"
"496","mbattsdr","eW9hbh38eOKtao2","$2a$10$0CPfzB6NxNhJ9Y8tzMMXl.tf4e4aERQyXP1Pam8d.SN/jNx8nsyna"
"497","hlakendends","wO8anspEvdS1","$2a$10$z2bmILCxx53SqPOPvTef8OLuZfJ1Ifu7Wp7E9CCBzir0hBKmVkoQO"
"498","jwharfdt","lZ84Gf68aEw","$2a$10$lukJW1OAEVlxhSUvkeZz3OvsawKV1Bt.zkjV6yfL55vcrnz8zcym2"
"499","mpadrickdu","gC71dLeeh","$2a$10$IeZU/5XhlnzN8Mefo1YeC.DkVmH/c3q.qsp65Wd7lfD6QtIHI6TtS"
"500","blaisedv","pF4harsjrAtW","$2a$10$sKBfCz4wWQBVnFfjx9bKfeu6v5bcbMyh9m/NRXHK7TVpK7B.SOLf."
"501","cadamikdw","zR0eOVLowyltZJ","$2a$10$Sw/UucKdOkSJVVE9B1CxMu9rqNaokvesKJk95Dn9vz9Es7w6qmBNa"
"502","nstaindx","oT9j0zGZ","$2a$10$uE5pzsVQoPkraieSGddnmO4ICNZM4fOD6HIf9um/td34duMgLt5Tm"
"503","pmusterddy","wF4drndfg9ybOZ","$2a$10$CUrt5.W1.aYNnVHYmIMj2eukV3iRKDhg87XW2Lf66CeAC1JIQ2c/W"
"504","emeltondz","lV35s2X6WX","$2a$10$qRS2H6tjnk/zpwwjNAWjN.ByymtQ62jft0ooMm6wjDwUMXtpkQE1y"
"505","rphilipsone0","vB9uwQvvj","$2a$10$/.1FBiSJoe8gy5Tba6EFBeMt3s/CFI5RfRGvSYiDgOXHi3e9X1umO"
"506","kgronoe1","vZ3wvtas","$2a$10$bXtkxMqojNIjJUvSC6rBvO7CNXmF.wet6m7ddPoPCCHHbq.AoOlw."
"507","rtillertone2","iD7pHIsZAZav","$2a$10$o68.go.uixLVgO9QJf.iauUvQlOBgf.KS1KMIG.BAmUGdc8HOKc8u"
"508","abettaneye3","sX3aMUt3rZQH3g","$2a$10$xr5kvYFZOKIP9h5GSk1uOutGYBg5WzWlEWVCnLlELcW1Q/qwVMVSC"
"509","bwitherbye4","jQ8f4hw5Uh5","$2a$10$04dJGRTVYbTypsTZXWvWH.GsFqxZpXeTJ8HO35JYxxHd8rP.FMEQG"
"510","mconeaue5","xY98h2xTgQ","$2a$10$tMKOt5Ai5Cf1s0.LFYMAqeU6LCBxdsYHnBpKzuAflK.S2s65O2IcW"
"511","hcampee6","kO82vmUIK","$2a$10$b0DIWVqW9.iC7H/caeIBqONN2VO26NSsGGUWAu7N6jozNDrTiTD0G"
"512","covizee7","fP7eKdvs1a0O","$2a$10$9QnVSjyfibhyI2iYUISvr.2e0h6g6MlcXdlzKa/4fBgEJuibn73Ou"
"513","ahoggane8","oL8s6tSR","$2a$10$KGX6bfRC10aT.Jv.Cs245.WlqNM61hrjJfirkRHoRYEB0azvLX4kK"
"514","mgreensitte9","yW13ZTafv","$2a$10$4HqFB4f/WPaelgFoZD0.eO3ou8dCL4oIjGJmvnjh28FKZl5Ibn7zO"
"515","rjaqueminetea","jI3dsyxe6O","$2a$10$QlJfi/EQsBAHcMF3HCtrGOkKiYrKpLm6/mX1iWxhlNNUf4/a0IXAW"
"516","vdionisiieb","tK7vwTotGstoQda","$2a$10$T/oZOcgqpMqg6bQzMoD95.6A2gYm2wplhUe5YDEqEba9F0ny3a.vW"
"517","wsauraec","tT28Lp57p","$2a$10$.B/eGJmrKMxgMO.vL5OlF.db1zw7Q44mj8LWPZU.pLQ3rcoi0UBNq"
"518","dblanchetteed","uC2tgrUs4sfWtr5","$2a$10$Y1QC6rd82mOcHtYgTFnakOqiFGHW2FJGfpEgSQjkNXfmpyPNLM12q"
"519","zpaulinoee","bX98vtKwfWv","$2a$10$njfeBKx3BfwelF367cKF0ORqHsikAhK7P9Vu/H0SMfkUNKR37U/ey"
"520","sraffef","eR9shsXnjkduJ","$2a$10$DygYbtINju2c/NOi.cOSWOWHlFvDGn2TGulAqgt3tce3lmCqYt1Du"
"521","agiddinseg","kQ1tbv7SNfzC","$2a$10$IMHKM3eAdx0LrharH0eqquvxqG/vs3NZO66coyGKC9JBFAZa3zyNe"
"522","cgilbearteh","fO6mAdhsozA59rSy","$2a$10$tHlNP4glFoKXfo8aJHv/s.6mtoX7rQ07EisFLzOcGnHOg4igC3DFe"
"523","clordenei","iS9jdt22g","$2a$10$b0t/.ElfDpdUWMa97Fyxge4wYiEd1slmrv58VCOPfyC8EJxqtxcZe"
"524","gmacaulayej","mU33va2Q","$2a$10$i4fZhpKHwGmfDBokj5AfxePZDvFDLD.CZeYVTc3RM97c.lpuWtL5m"
"525","sfellibrandek","mF8dCsA5rhrJvU","$2a$10$CLDxRJFvWv97sYwfNwqNPuyyqz552oxiQIrREWlRzQ6fD58MIbv0K"
"526","bdootsonel","cL2h4Yvw6hd5381","$2a$10$OboCY3Nli47SuegcvK5.SuDvciUzreKstrZQNyjSx7f03Guq2as8a"
"527","cwalasikem","gY64uXTT8802brsY","$2a$10$xgsZ.fdWU9bhfQU78.N6s.bGtG062u7Fob/87Vv9R3VQmjAqUN/yy"
"528","bshingleren","oV35cPz95ics","$2a$10$RFbWTxRwS4.wrB8qJTq3cO/EfJxMh9XMLTL5WYRkKpDjrgOr226ee"
"529","abachshelleo","cS2d8Q1d4Ohkm","$2a$10$O2rgBP.STw6IXOHyQBt1uencRCs89c9N3iY4J0WAyBN9tddPE7l7S"
"530","bpetrowskyep","gH65pOuGIaR76","$2a$10$mpHjX2IWg26olYJtTNIp6eHmchPBwViP7Otl96VeRLBIX9rixr.u6"
"531","huttleyeq","lN5a4k8uLy","$2a$10$rtGDy9c6911Hm98M/9o2aOR5lRgNJCdag48rVIIugaCUTF9UI15Tu"
"532","rsmedmoorer","aO6s2ptm7","$2a$10$6YALFmgotlkhplExvf4BSeFiUjD3.XOMdppLu1g1YeRS.BL0iQdFu"
"533","koggeres","vD8s8OxvDaw2IC","$2a$10$bkdxXFMeS.AvyQjdDQVeFeBR7rnsdiBFH7ITPVh55Wqb7u9ckn1WS"
"534","mcarrenet","gH9hlYHQ1pIol","$2a$10$ZZBbRSUbyaDnEGmixuJy.ue68OwfAJL3xTYb/vD43VbCdaK0YvkR2"
"535","hdebiasioeu","bM2aF51mtT","$2a$10$0sDHwCyt3TAuLw4QAcQ5P.NGa/OCR8TJIryLW7UDc.xEeWegjBVsm"
"536","cwedderburnev","eJ9sun8l1xdhpwM","$2a$10$wmS0QwRY80Y4uo8Yn39uNeVMsbzl9yDnhU3eiP1NIs/wXW07x/DAC"
"537","bhritzkoew","aL84MBirs2hJM6","$2a$10$XSXWwcVJxD9/aRoM5zf1x.AkU4TxBTFly87ATCivAX88.xBPM4aH6"
"538","clamkeex","aA9121dv9fsdid","$2a$10$CF63vA0K1vbVLM3Evx6gdeAZcDiH7EkE/mWH0kSDYAskOJqW0Q3vi"
"539","jmacveyey","pF4uZuhurVZ4yd","$2a$10$99XH.TKD1NS7txgZvov97.xNb1W9Kty5JFN11om4YbYLni9g6SMQO"
"540","sdeversonez","nG7fI1hOa1","$2a$10$4g1v1WN4vKj/3rjbqoz0vuyBU.W71vTc7QjrjyP52WIuuTSajkSle"
"541","cdrydenf0","jD7w5hv14tnlz","$2a$10$PB5y0DFv98MrSFXrO2t55uB6g8samAgYpmybWZPVX7POWXp63W3G6"
"542","jcastanhof1","bS7hvXkdxJZ91","$2a$10$3fh3CIIKv0lp/95SxvwIT.DEg6fYvH76yPAPw38Q8CFn6905IKnXG"
"543","cbezleyf2","gX6f7C3Qqyu","$2a$10$iGosPlDbYp47PgCoCg/e9ujCQeupArqc5PzroAb3UPLU7YuJCfp2q"
"544","cgerdesf3","mB1fxr2ON66u","$2a$10$2l10DAx7tl8FOJ.aiETs2OnhVyLhqrZD8hKVZHwK2eHfNPqiv8pO6"
"545","hspiersf4","jY2v35Lha3QmU","$2a$10$VDPKhuZmW5sUAMqU1.0D1Oy9bpIHaoOUBcIL/mSvMi5eC1Dc7FvW6"
"546","mlynamf5","gN3faCadljAj","$2a$10$T2S.ofioWAwqVq35OPtbBOr2Ki6APWCrV5qCVY0y/NKz8ALJeP8JS"
"547","elauritzenf6","yB3y1Hr72w","$2a$10$qEkaDFQgXRRsYgUTyop1luj4BGhYeK3roWsAAzBXOxiNEX8SmvfWS"
"548","abourdelf7","cA3yHYc2fhyrTdOw","$2a$10$O/V5AnkdBDy6eHsd1JcPMu7FF9W8mz8DUH53s6F89e9JmFm7Zf8mK"
"549","bcomstyf8","cU7mwzsWAkwc","$2a$10$ti61YHORDx4w4RORaJ7jwOI2mOiWeapc8HVsbma9/4oZo7zHOmZei"
"550","bapsf9","tS6rmnDgiR4aIdvA","$2a$10$uhgh8bh.Qp3PYo.uxMRhxudLWixRqUb8IQjSqiOOmuOfB4Rs.ZuMe"
"551","lmaffezzolifa","rY3v4ttueCod6rgw","$2a$10$4n81yGoFcv7WlWSYBOEfiuWF8eqUR1QuB0L5997uK4U9tEY4zkYAm"
"552","ikaynefb","oG9fkdthh5","$2a$10$UvY3yGTfRAi8Gyl/n6dW7.qgsT3l.e/.yry1s0KYD5vfDMUEbdP.u"
"553","kgiraudelfc","kJ0j3CyZ4","$2a$10$MxwekE1tRg0YZZux9wujzOTHdHFMQkRMm0FeSuQa.ZGB1/9b/whza"
"554","mstillfd","kM7sRz8s","$2a$10$BI0vDpyZtEmBRCA9RAGjm.V3s6hFR0fq.ENjA6iPQGpqqgH6TzPle"
"555","tmathewsonfe","mP44vjdBP6KZ","$2a$10$YhVcYLp/l3crzISTmkYUCu4ttq30xH3ppraPbJKPBvp8CVPdIkdpi"
"556","ltidyff","bW3r8j8bQCiVeB1","$2a$10$uwRoubTqVJXKWM7bfeZPOOyXhEnWpe.y6A3eKCHP7MmBWjpff6gRS"
"557","svanderbruggefg","vJ0vUdk45hycb","$2a$10$9zru0UvdbUvlS2TTNT3quuusW3cOjN8tjXhJi4Q2kEurKKgO/vjkC"
"558","jsergeantfh","hK3jbyzd9mNz6","$2a$10$RIDJCnINjo2ymXail2b5hOMfZuUc1r/3VKt0YMLQ.FgM/hHQHt1Le"
"559","dthandifi","wZ4tYe2GLdX","$2a$10$OhLe24yTbLjaHkZP6lN.7.pYaakGu57b/zQF8Fprsq.9ID4bSWcI."
"560","jscarcefj","nH1hYvIv2SysWsh","$2a$10$ZpTuClEVIGBM5MfGXszGEeVSzELBBZcU/nU3rw5EdL3qrStZDqm2K"
"561","rcalviefk","oX1ulNbSNtlj","$2a$10$p4DnmjPxzpag4Yz75vm2O.aJOPh7TaNowpzEgy87LWzKTWbe9kh5."
"562","ctumpanefl","vA85hNkh1","$2a$10$HAKNl7AzZ2RIrw9M6GEBPepuJi.0xudLO8oPazvvMPBEe1o1CcWCa"
"563","rscreasefm","zH2dsxT8W6","$2a$10$0RF92rq.Vn6C7cTi9NgrEu3oysazIKdfcIzJKuFJKix2K0vgUXAiG"
"564","gjaksicfn","sC25sjmy4DfCJ29","$2a$10$aQhaNOq0K8SuxmOHCBRpZOnCu9jrEWM3/Id39I46Ljj1kFFHuWKlC"
"565","fwallerfo","zZ3dmwlwQXL3VK","$2a$10$nkWGM4Q07O5tOBbB8RmmUu1sj45wfb9lMobW2.bi012IcDpfBDthy"
"566","rsutherlandfp","vW22vfiwjeY5tL","$2a$10$hq2Hv9vocCJaJJt5OL6n4OY9zdiHrPD/hJHJeJ04BBTtV4BoL.x1m"
"567","bdanielianfq","tB4hp8GG5eH","$2a$10$.n0QzMFcAKd5e9outJg0mOXeIf8ABUsxYPPe0huERcqBuJZ4Zgy1a"
"568","pgallihaulkfr","xJ7u3tIDwrSTP2","$2a$10$6V4K571yXkLnqXZoC9XJV.pjTcDOtvzIa3RdaEsBe.jaOANilGPCu"
"569","wdyersfs","xS5tS9g5e1hLDw3n","$2a$10$JiBKv1djIqKtWkyBpODMZ.PPjCFelHKg2EFaLmldtC4We/awAZtP."
"570","framageft","mH5vwL3wa","$2a$10$T1IM8a2T9yYSnXwIQOin4.GVUvrCLSfg441EoENRSoRCQJX0MqczG"
"571","alavensfu","aF78qIYtemdouHpt","$2a$10$WzD35p2zKr6dOy3LJVMrS.KD2Cl2D4v4ODIqIHQnoErgyqsJ93Ji2"
"572","areglarfv","eZ0eY5Dsk","$2a$10$cOHPBrubyX0TMDc915aFq.KvtNGtBYl9y16buq3zdUPcx4STcYklS"
"573","strentfw","vY2u84CD7dLtq","$2a$10$yyEcTh/ezz6yUTwJsppAI.5DkHZtml4AI2o8Eh7cKyLrmxVcAM3pC"
"574","btribbeckfx","wP3edeKc0i","$2a$10$NhlOjWBAxKwPdd4ta6.XM.imXu3R3/5szVipGLiirC3VrA8qALS4S"
"575","kdougaryfy","fP4hAz5xq","$2a$10$yKJ5T7t7PH8NT7obcnOOe.Umxh7HWR.rC11U.1E62rRfwDdp5F.C2"
"576","aholmesfz","qI85rfZ1mtMwB","$2a$10$50cPZMv7eOqW908R3iUFq.x0PmJX8amA/empP.OnMPj6RKAgShkqG"
"577","ctwiggsg0","aE1yB6tluPP9","$2a$10$8JoIciJfOf0RwR5IZzIoXOX8pX3njJvEzo8Fjsygwxfgr2TIGoQG."
"578","cedgecombeg1","qJ5hjb4hn284m","$2a$10$56cMaIurnwV5bsSH.YBh6.nPxjJSRVmcMGEF4n4wsFmmtnkdRuMUi"
"579","rfintophg2","jD5uhRVL2jQdF","$2a$10$2Zt8MFyeyAcKqfIeA0QRsOK4XUL/dQXcWd6gNPALUa3ByOmr8JxEK"
"580","jleekeg3","dK4yfywDvLDyYW","$2a$10$zfD2TtdxtbpwcUByBDKS7epS2HoNKaObLG10FLR4DwJbL7iR27aqC"
"581","bventhamg4","aK8spaXdL","$2a$10$j3Lm3FFIw76VplpDnaikmOS41HynEjN9hc.7vs.gv3rDAYw2E2ZJi"
"582","rcrewsg5","eQ71e2hwAQ5es","$2a$10$Fvh3GV7fMOsiHWHN4GiFSuwKYA5zc7FZgb1fvotj.v8L1F3eDyQWe"
"583","cgauthorppg6","qO85sGkeA78v","$2a$10$eppt7076uhcIrOIerVO0I.wSXviyV3/KFs/6dnAtnQTj1jREGmAd6"
"584","scardenosag7","gD4soPCTysWa85oD","$2a$10$s8DEobUA.EpeLqIfXGTazeJAr0W73X/HoTOZemKkW06jVbDYxF1Wy"
"585","itingleg8","vU9d0ADpuX8CK","$2a$10$XAzN2ZRpaQ8nqGRiWinGM.NIGyMh/wFlTUPL34xMvp/hp7c6tLJQ."
"586","espivieg9","dE18HVo3vr7D","$2a$10$ezODHAqvCkTezmKuZYACWetXncV0TcBbY3gMow0zNifVh/nBExv0i"
"587","hcamiliga","qO0se4gIVDJbk","$2a$10$xgt2SvXw/Ph1lPTdtBIwPeDClicSAOLP8fiMBhk2.Ucn9eqZnstK2"
"588","bhailegb","xN0wCrbvsx","$2a$10$eXp1FFT9xK5.DmuFup1cVOv6D/9KKH6hVDZk3KQivC8IF1PNVN1sO"
"589","mhousegc","uV425u3K","$2a$10$Mvph0BS4Sv.DlqqvxL3SY.0JvaTxq/ZdGqAor4m2Pxo/NuJH.kSE6"
"590","kalecockgd","iZ014tsw","$2a$10$lxlDIaE.1/ukx3WaMsWZcu/6J3krZpwctihWB1yEiiofIs.3Am4tm"
"591","efarriarge","gG1570Xg1","$2a$10$hCtx45hF8ycbcv1mAk.Rt.b.Np2LZaxDYUOvwqL59oDbCHmTrSGGC"
"592","fhiggonetgf","oJ6duIaFhfCy5","$2a$10$/wM/zcyDdGChGahKZHgcx.xtdAmKrqs7zRc4yMbUUGT2V9OfYyqf."
"593","lglazegg","rD33Etshw","$2a$10$gX/AlATA2ZMKAh8OTZYICOFJT/ggceTYu/vrva8o.QE/KJ7f8nwfS"
"594","nosmargh","gF9f0Jdzp9KhteJ","$2a$10$9LiZS8r9ChlfUtcnfnoG1OwanKlFbFE7TkG3vqvezt5DIb2hujF7W"
"595","vnolingi","kL84xWa7j","$2a$10$w7XMTMm/JuQ7YSjU.EI6weMZ5LJ0RTQ7jrH9FsD7.jfvdG6WEtWTi"
"596","tcribbottgj","xF6axu0Ass3seR","$2a$10$3ZMnwCThcmVJjLqwsUOazuiGNRR1fZdqhyIWKINPOhyNqBJH/MUXS"
"597","sgunbygk","tC35nsfm5dyv","$2a$10$P0eYMY0b1zUBw4dAGnE1t.BSpmllr6jpkZbjzDv1tG0EdhVhFW/uW"
"598","obateygl","oB2v16T7Q1","$2a$10$ZHlMfTUkLDwQrrK2tCfTjepRSCKF/jwsRgat0RDkpuwUhvjWuzvQC"
"599","rhallergm","uA3hrBvo","$2a$10$yiS6fkiN7JWLBy0Z6KpsA.M3T6nRVkF3E51.jtUrrFwzIVFNu3nVa"
"600","mfreezergn","vZ1hRAzTrd","$2a$10$aeP1N4txjFZOFbyxNiju/OnURbqv05.7BlEmf0QvijT54VWBr7mre"
"601","hvellendergo","sX3m54u9kt6a","$2a$10$Ay.C5h0c90biRA60vkxQQeFnjMfqbxqZTVqCHRA24gpZYQ.VnsVd6"
"602","tmacgormangp","bU3du1ma2vD3","$2a$10$ThbrRR/h18LL5pyCYy1OpudiHdaLRj/pm4yiQQPf4F1AIJl0w9xES"
"603","cwoolstenholmesgq","sB4mbhwwM","$2a$10$B5FYFaI5GtaKM84ITWx88e3GQoDq96NSaFq7WSXPKDZi5KG.Qh4g6"
"604","scloustongr","vG0t1M8j","$2a$10$Hu70hLe3fGZLp.LUYsXSO.aSaBsPWM1ZTTmD/qOBD49VDFwxRxOqG"
"605","gboundgs","yR22rts5p6t5","$2a$10$E5Y0kIATDMYM95kv258BseWSBs/vD77H3uuAMThc.C0UfZA1N1bcS"
"606","jhurdedgegt","tM3hMNkshVf42J","$2a$10$P.xf5mX6DEsQOjMXHbFrU.ZMsOYOZlh/JJOHp6Mrf5Fh0755uPApK"
"607","kheamsgu","sD7evZFXvVvlKeD","$2a$10$EOyOi0EQUt8U6iR6v33.LeXZtaJOUvI4bWjv7CqphmMBgrmzmTgVu"
"608","tundrillgv","iT2en2Ofa","$2a$10$zwhlWlwfBk6lgyCjiMMenuo3yD.Y1eyX1m8UfQcasF1jihjo2/81e"
"609","hsimenongw","cR2f9toJwvusfe","$2a$10$cEkw9eliHZn9WJgcQQkZh.qMkdqo3xO2QjqxvpJNGjmHHdKuZwIB2"
"610","bcoxgx","gS61F1Wp","$2a$10$dIbJ/A9VoLmZ/x4PPW9VoeQoVfKBfMoxLcKPH6VZKXN.kmhaUuux2"
"611","woengy","wJ4ejGgD1","$2a$10$MwltxcaZPEjCTJ7I8am29uo0bxpEoXyO5x.k/7qBzuyCrCJ66vp6e"
"612","mmcgeochgz","dS2js4sd4P","$2a$10$MLHm2ABIW3y/VL6YRehXSOpk2.oU69HFJarUrwcBkMnPJWZ.otFmC"
"613","egrindleh0","tC1ykO1EF","$2a$10$Txai8SUlqWXmGyS4YZc.CuRpc9iXgMc0MHG.LIWOQkjJYzfr/vNAC"
"614","mgirardeyh1","wQ05tWG1D78oh","$2a$10$5A6gEoPKAjn9.kb/pYyxp.oMERHu.9XoFDWCpFh2zz8fyo4vb.4wm"
"615","mgullaneh2","hC9rUPgd4EcX","$2a$10$Z.QyldD2eV5JeUgdU56KGONznTxjz1W.G/Hn8/PwCgPwNWQVCD7d."
"616","mbrenstuhlh3","kB1h5sfwUhY","$2a$10$NQYWHPRyGx5B2rprlWuwa.rHb3ZN0b0JTreMPbeYoOQGlPIi.CBYW"
"617","apeterh4","cF5sULslVW","$2a$10$uv7HjZPmpX3V81eWGSQNeezFaMbtf.wk0Mg3qS9us6eFCOEpc5uze"
"618","mennionh5","rB81igyw9o","$2a$10$eL4HL/hfrM7udNC9Got7tuWJr/FGcIyFQ3P9hYc7aIM8vKjJ401HO"
"619","spyeh6","fY4mQXM0bVSmjOhh","$2a$10$L4V33T5P7e7shOmxXwJQhOcF.x0gn6sezdPGXq6ywU76o5JEbgun6"
"620","nmetheringhamh7","kS125QxUDyPS","$2a$10$CQVcyAronSD81o/N3ZyL3u1N9YgB8KFz8XidEIKl5Z/qBlqAWSwhm"
"621","gpuryh8","rA2syps2LQfOdo49","$2a$10$OK03e8zat1F6cOyjCtkYcOr9oV4oi56iPPfbm.UIbl8E4mOGTIO02"
"622","ccassiush9","cX0wKSfOmB8b","$2a$10$ndv3sktRcfk6rg/56LU9Yum/nNZ3DH6VLwyjb4UwBuUtYqQvMV3C6"
"623","mvasyukhinha","tW3hhy8t","$2a$10$7bsCvaD5KYci/hDZYpVJvePmpzcMLCGrsRnby5omfirAMyYK9G73W"
"624","pbeginhb","gB24gfZAyC","$2a$10$yLhFq/DSlasbzcj1HVExYuf54czc5q2I6HWrZhUe3gOFxxYB8EzI."
"625","cgladtbachhc","eQ92vvvhhh4ev","$2a$10$cs6lpGfxHAbaQTF94l/bEuAcmZhtDsWjEEd8xR5EuP1nEl1.GgBBi"
"626","farckollhd","hB951OWoSg8","$2a$10$aNVNEH4FO4j0MMAjzWPT.uIDSxP6vNARks5Oom0p7js2Zms0bha5O"
"627","dprujeanhe","fM5vJawkIsh2vtp","$2a$10$bqRw7rJn9V5VP97Fa3iv0uLDUCaFXum9cviLMW3aHaVddWKOD5q5y"
"628","stackleyhf","aP9sq2IHt","$2a$10$2uzjjfOVLERxamTKfqiIeOg.WwKRox3XbPZ/W7N1JQuynlIHKe5YS"
"629","anibletthg","yR3fLsHw8","$2a$10$fwknr/CaAARW1Sln/LSI3.0y9nYrxWVU9q6jqfmY/CoGud/rtk9Lq"
"630","fcowanhh","mD1asLUjZrJuLU","$2a$10$bc66iZRjsW90jSM4bECd3eug2XEgGzovzFeftAgAD5pizuc1O8o.m"
"631","bcabrarahi","pK4dnfLl2e7cf3","$2a$10$7..KubVDbRvEVCb.Q6iPTeCi8HL7eNZERRKrkMIfTOvvPdm3ULvRK"
"632","eallboneshj","vO22vqdz","$2a$10$pdZeY9tkhGIcBk9HtXxfweTF5Kmhxt1MsOn/8qZO.Cuw3fypl958m"
"633","kmacfaddenhk","xN58IbnuK3","$2a$10$Vg3OEPju4r2g7vA7EYeHQeDy78ccN/Fj1r8ObSXjjoKiVRhhiaO2a"
"634","thassetthl","eW3et7tTJ","$2a$10$VK5F0LCVpL2D/5fKSZeSeer5wyJG8gv9TRpi3kce7ZOWFuT0XAvbS"
"635","crowlinghm","eO92Zjb5","$2a$10$57d2nnMnlKnGQ9Qg3sTJeekj5W3t9XoWQcJ5MPll8CQzIzxlgBDaC"
"636","ecitrinehn","xP3tldAMoarwY0uv","$2a$10$yKeAGaxSjTlo4B6c3Gt/6uVB/7T82JsXW4r7/3c.yz.c2a9KLh7aW"
"637","cfronzekho","xR74hwwe12iP","$2a$10$gOI.eUR6xlUBEuv3x/EOA.HbGLsScAHzTFyXWk55gfU.Uti4wzqOi"
"638","ecurtainhp","wN3jC2o1","$2a$10$e.7UZtfLsDKQhG2m.femvudF7lCBVzJIi8N9DPN9hTAG/Vp7iUahC"
"639","igascoyenhq","aM0ua4fh2wdva4x","$2a$10$jEjNx.1NLAtJP11sIcXSKuJpLQ24/TEYhKWCRgOJA87wPi6RBeaCa"
"640","geloihr","eO7uFVdKlf1f","$2a$10$L7/SZL3Mk3OUrYCBYy34BOO0DLWfVLLJ6aG8eIVlBCsEJx5.CbvQS"
"641","hchidlowhs","lS08RcvGQtvdE9v","$2a$10$3DazHA0h6MnPs6QHS5z3eurdt0vgP9qi/xPmMd/c/1108XViduOGO"
"642","cgellht","eL18Tt7vgafNf","$2a$10$CZAvZHSb8ewX9G9cClK40e30BINXB5CUZtsuQig0tUIlBZXY4u.mm"
"643","cmitskevichhu","fS7psjk3leUAlNC","$2a$10$ybMh7EeidY/8nFZyvXWuEuZ7TWNGmeLYZ91czrKewKopR/EkzRiLW"
"644","acharrettehv","pR1m8yyZNtQYvv","$2a$10$BcNQ./YiQPpqbmASNbYCee6nL4ZZ1wdfHiwzMxl.41aJUhvxMHJv2"
"645","mgrinyakinhw","wB2w5qDdn8wz","$2a$10$03NGi/iGyoq5YhhbgWsqFOoBUOPnsBN4WpFNdr/WiOUc92gnITZ8a"
"646","gdulyhx","dB41AMtXd13","$2a$10$GacaQEv7N7mU5PDMTJJCsujOnTJ.Cz56QXj3Vbyros/kDlQcVcxhO"
"647","achavehy","iJ9yQNfe","$2a$10$QywT1NM1yHOrrFRhOphQGug1zBKJZ4TOmYjWLug3eHv1DitWGCici"
"648","ohinrichsenhz","oQ85OrlhT91a32Ey","$2a$10$HsrOIza05YlwewP/enZUJeW7gJR5zu9zCXFFBWdFpG.AZAbh/ewRq"
"649","ekopi0","eJ3hldRtoEs4","$2a$10$PSR/jmkjjJTO0oURnBmGoOvVKdZSxArgkJf9BUPfUP7y6Ywkg8AFC"
"650","hdrogani1","nR95pfK4WvfSjajy","$2a$10$xtkbFoZdVaMJ0YokZbVnmOpuIcqE1pHCXuOY7iNkV01.1WSiqekea"
"651","jphili2","yH0mBmi0wn79f","$2a$10$EiPaZQ5xl7au9F3RsYk/CeGi0I4mk0MIQ0aZIOXvKyLMRXiALe6Lm"
"652","brousti3","kE3d5n4h","$2a$10$1DPshUFJ1kVBKdEMYjpbaOsWZFwRzL9pl0dn9GMM8iOwKRTNWwfzS"
"653","lcrawshayi4","yK122TrO93tM","$2a$10$uRTqdxc9LxbDPI/UnRfmtu2G5PY6iunjlhakIt/ymtOvBuFwuaHEy"
"654","ehynsoni5","qM4saP38Yts","$2a$10$eLP3esUkyPdnjUP/xBVJi.JEKzRF.eqtgr/dLqCfTZGK.afFIBW4G"
"655","htrouti6","bZ4euekHB84eP","$2a$10$PcdtTAnnZjkQF5mk2F1bS.JzdxaC33GSTc16P69GdBj2fOuQ898XK"
"656","dtothei7","fJ1p2F5c","$2a$10$xwzfM/RT1K87xAlKefP0HeOqS3mZNlLkI7pho8kEemZTCZopcdoiO"
"657","mprettejohnsi8","hM5mn5WbkK","$2a$10$1xbwJ38fBZ9a3CYUepp8keMBwsIGT6srxoHENXFh.RW5LzPN2t7Xu"
"658","hrowntreei9","vP91ZtMIg","$2a$10$4NgEiVeVZeR16FPofX3PNuIDuww7myU/ONuaMp25y.qaKAidRcOuq"
"659","jbaillieia","uS3vQyUssTZIgPc","$2a$10$ecEI20IVAHZru9bVT6iIHu0jDqxQrb/CCdNlrRF0R3Xh3yjeMrHnO"
"660","lschaferib","rS1dCgyVG","$2a$10$5l1ZRFiFAKyRccKEdTOo3O2yyyHvjgHx2o.OF1.HhIKN3b2b4vWXi"
"661","dsepeyic","pO7te12IWvt","$2a$10$ANBdcH7Gli9CaRcnLWGJK.Lnr0aqRnFxSYowrmpCBKeVt2IZgF0j."
"662","dgleetonid","cR3ajpNve1th8Sr","$2a$10$B8synUHigN7l9iMm1ptBPeLfd0QTU90JWCV.PkcalcV7ZHsBVWrAG"
"663","cbrookzieie","xD3dgjk5Mpao162","$2a$10$qh9KP2MyvWuRIk4avQ.vO.3O4sGaFO5kqk074v2RqAhhvEt9WeKn6"
"664","edibiasiif","mA0eiJhlu1","$2a$10$ucl09UxLQ7sUTNfxtv4.MeeXerhTKoCk9ux8bhuaa5t2L6JsrEKgu"
"665","gmolineuxig","lQ8ssq0v0qL1W7","$2a$10$xMjHtjd7K9V4l5PbZjFtSetajC9.p3CU2xhxuaysZwb.rYjaU4Nlu"
"666","rogradaih","yD7sy4yKIa","$2a$10$1U4DIU.ufxzFB/6UmVRU5OCP4EfwY82yJGOXhCpNFkOmIfznt6hu6"
"667","rfennersii","aH5v8dNz","$2a$10$zGfr5kouo49lSCvbh/c6f.vDhUo6oPNcPrAI8aBeZG5NjLjZ42HPC"
"668","hterlindenij","rL8drlYphho5tKvt","$2a$10$66L0UCK1PORamj8hJPwTdO08G0kWN1QVHAYELBGOyb64gzeH9nYTa"
"669","tmacbeyik","sI14dLtt","$2a$10$av9WE7tIt2keLqCmVFm5keGbpevaEGFnwqHLRib/ocIfnnBcvlgPO"
"670","rcantillionil","mH737Ler","$2a$10$p63CpN9DlJXjUTlXDq2Y7etFmgpVkufmdZ0p8Mf2aFWzdCPc9.zPm"
"671","pelverstonim","eN05JBEtVa","$2a$10$SXDAJApVTQTd6Gmgtj1OieFcX9TDxKa2DpY4oXNVpuvyBT4ue/We6"
"672","tflettin","aW6sHHBpC","$2a$10$rGH4LQYx31uckXKYv9ZIhuwcu4cCrmN0QMkV89ymaGvmJnKHETD5K"
"673","kgonnellyio","oQ5ae3lxCu","$2a$10$6VGqd7H.JPBasv8xJ0WPXO8mQi.tUYZRuMmFiYC9J8LWGkfkCzX3K"
"674","dhulksip","pQ5dQ1djPgGNr","$2a$10$eCQ9cYiMxb1QSNWUN1mRyO7KSJY9zwVH..VTPV9oGDY9.GJUlASai"
"675","kfitzgilbertiq","cT1an32ykJjnErD","$2a$10$8ROxOK8MEUtOQ3HGCGSD5eh6YkcV0RRc2HoiBnaorRhGPWifjoCJW"
"676","itellessonir","lK247va3nhVttpZK","$2a$10$L222rfgxf07CCVuYYTNSue2xkZi2UbcPSW/LtP.aIBTdLtDrNC3/W"
"677","bdemchenis","mD93THhTawpm","$2a$10$owHMTEOPIh3AXdu0PCw4vegu6LecyAZVSq0SBlRkCO7pXwQAeJe2q"
"678","abolleyit","kM2tNJsx9","$2a$10$FIXHOea0ZCk1e6q9K3Osbel5WHWCu92j2KUzemQotSHYHaA40FPha"
"679","ereddeliu","eX58tTTf1sgrsu","$2a$10$6iebdKgQ9HwQU8bBrA/5qeN6i/X7LzwZ0paIP.6n4grSRnEtXr7w."
"680","ggrationiv","rX025TB3s3L","$2a$10$pmAGj2MrptNLbCclA57VzOqo1rfVkBOOffNyWsLBJ.6MY/8zKdPyC"
"681","dsleneyiw","eL6fYctvC","$2a$10$dCqids9jScW77sjSIpax8Of9k7B2ex0BqM7j11KoboEkR2iEhGLrC"
"682","hkilbanix","yP8enu21aQErk","$2a$10$9bZM9YV3rUGrgvHo8Y8kk.Ai/UMsvVrJfaFs2LqVCQAvfYULJqV4u"
"683","blowneiy","gE8tXgeWuqa","$2a$10$mqSw48KelTtgGW7em.XLPefL4Miade98C4u5SGi8nN0Ck.VDajJZu"
"684","kcastagneriiz","tH2vdM3meC95","$2a$10$h44RmytrueZc6CP.d.jrGenny.hLywfpTH5uCMrASd0ozrtRNBgQK"
"685","imcintoshj0","wQ0peeCxsVexLfZ","$2a$10$pn.QOFEZxbF3ASJ8rlnSdOOSQxz2ZO8ZeLHD1pvyIED5kLRlXGLtW"
"686","mwolveyj1","xP9y4aJmsaXP7A","$2a$10$TQhUqejVVSBSY14J9V4j3Oc1EzVU3zFDZReaQCCcp8o1K2s9HHD92"
"687","hinsealj2","qE6yG51dlqr","$2a$10$S9Gdr7Qg3F7QiReZRSFfCut/RbquJnZFRNhfRcXuk6SW.Zi.55YD."
"688","rhilandj3","hM7vMmytX","$2a$10$Fl7/xl/UfYVRoVCzo4STSOXt2ce4xhHY0euzwYcNp5nr5JirRmnMG"
"689","wscanderetj4","wF12O1NVIsOzjwpR","$2a$10$xrCdEr/C81zOp1DWb.rOROdGcBfxojz7qUQ1SNPLWd4J3RFAIs4wS"
"690","tsnookesj5","dS7amCtrp","$2a$10$Y3VZA3dDhIXR3vXfZ7y53epRVDTIe1b3YspCf/iOmDvYoJJAn.hmK"
"691","chutchesonj6","eG7hrzsC","$2a$10$OyZ1lfeg3DhISloL/BLCMed6XWCuDnpsFqAUWBDIht4HMBXKjJSvm"
"692","emobiusj7","uA0rjU2u","$2a$10$Rsjv0voW/Eo8HOWBW6MpF.aeod7M3tSVg2jEaP9WCuXiED6EbXDl."
"693","cmcmurtyj8","nB53hO43","$2a$10$09JpfUB/LPzk8z6iIStZe..twmQRoUXiTBHWDnd3l2GLsNgZ2TkOS"
"694","gscottesmoorj9","xZ8mSRfdYkbn8","$2a$10$Ft4X1Eut8ugj.VCVp5sc7OtP.S1lVlqsKEswcER//ioaUAG.440/m"
"695","tcharopenja","sN8pvp3yyU3yH8","$2a$10$MxQOOmI8mULrOcpLkotsoOZ38xZU5sDRSk9QE/ishyPgyu0BuXMES"
"696","sdorsayjb","vH1hQss5FwUL","$2a$10$kmHfK9iM8r0iVuzdcyGG8.An7CnKUAmJnQD6wkCl4isuCq1pNoOJe"
"697","hurchjc","uG7s46nO","$2a$10$KjWMjY3d7xQHCkvU/Vqb/.LYY35Xv9lL3NCHkVlVvUdFslQFbvvpy"
"698","lcrickettjd","wW3d05s3","$2a$10$GfaqItcQ8XusIbro0qMzIuxpNOp.ThDGvZRXbfhRjdpr4upswvlwO"
"699","jwhillockje","uY6seGhd8Sz","$2a$10$xxGCbtE00E.0TUzbwBoT1Otvvg6qLvh/86F8oJRLDJ1P.NhxtCPcu"
"700","gdaudjf","aL4uYTLwL2eHAU","$2a$10$gtAXaqdb9lZFsQkBJ.OTh.aJl5nNnzgf/NGa.8//pIoVs7OxiNFgi"
"701","rsutherdenjg","hU6vsws10nwW8u","$2a$10$DFI6v47dXKnbwMG42fNHiuafWVUX6mUqp7.8LQS2lDNFoZFl1XwGy"
"702","bsorbyjh","sE65hvjTsvUfCh","$2a$10$fg.LsRmXsnwF/A.sU.naKeGJRMq7gzRKlrd/0aefKhRgNcw4HhMUS"
"703","lapsji","rS2ug5CcdkBl","$2a$10$9dy1IQbscaAxkqJgk2W1Cupe6/oqeWy9sO.5G8UvTyKO9jugNI5/W"
"704","cpudanjj","zV4aq61m3Ij","$2a$10$HalsMXWbH.CFDxty7jUVa.iKNlCAmgRrLvhyJpXWlblIB38qdP.b."
"705","ckubicekjk","uL6rfVoFs5tK8","$2a$10$CMVDVnQ4eLhGzqfhvUVEzO7LB3dQrLwyHMBQ6AtM6ppdPgKXtHtaq"
"706","cvynalljl","oD1ptL2vW1yh5","$2a$10$sBYj0WjukIBeW7tYrw6j1OqUzymWOLxHMnvlRD8KbWQV1.J5KRkka"
"707","khaccletonjm","dX18XeQ0c7Pj","$2a$10$5NwhRPSxpyLH.DbfhUHsdOAysn7Fpg8kIzRaqqvRrOlRYM2Kt6Iy6"
"708","dbalduccijn","vO21fQBn1mvLX","$2a$10$f4Ghf7y0fRqCuadnJ5jTQe1dFL0dskrMJya0Fae0V7kJt3/zUB2/a"
"709","dbernadotjo","vK8aKrhj","$2a$10$oUxKEV1uTpxzdW8zUZ5RuuS2srjouDvlZuCNjHmsGTI/ePX.63qNS"
"710","smatterdacejp","zC78tP2amKrTC","$2a$10$1L24VfSMoXRHVGpjzwLoPejYOSPCB9SWdU.P.RU3va7.af.BYgdx2"
"711","agangejq","tZ0wSFgenre8Mi","$2a$10$R9ceQ74QZs5embAAzzkJquPnExLhH7X3i.8JTyiZKIDBpC5veI8VG"
"712","bashdownjr","fL5awd3e4Ma","$2a$10$ZZIydZkX/IlcvrvM2WUTY.u7VmHcilUSFTRIpI1LM8s/IoJxXuM9y"
"713","wbownassjs","zF0d3fVeDeQfrs28","$2a$10$VlsN9H2OOGaeAhJdnt0AD.wvVXcnV9bBO6v.yu54hAH4T3mfgXdfa"
"714","abazirejt","zX2hp4ObtJUZj4e5","$2a$10$UrzNV31cYK8wn9kAyn05NO2qiQ14M3WA/LihliwXVoXyr4UU9L3sC"
"715","kdoerrenju","gL1vffrlv5avp45","$2a$10$fgu2thmneAW29KEqD4Tapef35FtAnhjbd/2w8jkHCLb5qCtrcAt1i"
"716","bsharpusjv","mF5aosS3dlBh","$2a$10$HGnBtccgOe1HrRypVVIaMeHxPTv1A4MvTMDWkktUEybSuUfkK/umu"
"717","bhedgejw","oL8jI9a6aC1f","$2a$10$T.uyErQArRgpu5m5DwxUaOVZxIKiF6Ly9B2YP0rGUKX.x0XomAa0e"
"718","jlabbjx","kU0jyV8Q","$2a$10$EdlyFfYSRtH0hG92ByvXJewDwFVEEwAIMiqSCLdntOWtx4aK4E/h."
"719","tascoughjy","nX6tCp4f1j","$2a$10$XdDCJ0hzS16yhHi4.24mNeNR28cw.7TGJQmGYCXwYt1OsNNLihJnK"
"720","mcopynjz","iD6s5Z1B3","$2a$10$IHGSR5DrX7dG3k7YZRM6eue8oDJcpcGEdVXxG0i.CCfiHi4bglaL."
"721","gnancekivellk0","lM1azxYKee","$2a$10$Bnvh76nX4RFSjxR5vwGdAOCoUTATlxNRORJIYeaP8S2TS3LdKzk/G"
"722","kjuddk1","xQ0asvwZ8mv","$2a$10$ijRbJj3SHi7i6fzI7D8yAu8Ojzyjt/zPvE7t0V9nvWGMDIIi301DO"
"723","vboldersonk2","dN9wfQlP1","$2a$10$dEGkNKjFHxjB29T1ZxLp7ON0MPh3Kr3yEzJBqtlZdd6Eqr96v4WQ6"
"724","ybudcockk3","nZ3fqswS86","$2a$10$7p5aaNZ3GnJptrOucZoDz.dcsiVwE4zAZ3T1NIJeWpWb4l8gBCJ/y"
"725","rmacalessk4","xY4y45oa8x85","$2a$10$iXt7Zq.cJQRMNcNikrluKug7v6UcF.q9h9aOTZnxYcOVuLu/hIkOe"
"726","abaffink5","bC2uTtMk","$2a$10$kp3kEJYFBmt2vJTHAq0ZOeZY4qYtPz1dQKXc7zfcdrDb7tyG1Zb7G"
"727","pdavidofskik6","oF8vPd4sevm","$2a$10$dmC0QfR/yMps9qIqOKHqaupNTvZu8.EyusZgeeHRiZxeSGFc/jJPq"
"728","opanimank7","tR5f5pPA","$2a$10$bMFYEj6Vz..vloJt921JFusxs0E3XP7TZ1oNhdQdUQmNeZkbEt3gy"
"729","oposnerk8","yD15iaaJR8ODhZKe","$2a$10$L5AjBUDapNJGK25.RygwUOyJY4zP8X7xBB2DNaQ9zAj2MYZxonK2q"
"730","dbraamsk9","xE6sAXNXcKW","$2a$10$jTaq3scxkdq9hrKCUPiQHuwtvylsxWQgnP39dHwWPqdBgPssjC4OK"
"731","alockeka","oN28VSSv2","$2a$10$GdWHmA.qiRfl.cBBcBkqzuqPiJuFpaOjARh/gyZoh0D8SckgBo1/C"
"732","jbenechkb","wZ61bf3ku","$2a$10$AhY6Jqm26ifbxDK8IkhaM.duuCT9UoRJBKeuIdSKeM4tRxSXXUa8W"
"733","cuvedalekc","cN5v0CArQt8w","$2a$10$cRik.KeicFG5JSBzSXMM5uxfcNcBGVZZ4zsFXlWHQjef5EVJnkkbW"
"734","ipullarkd","oS8edPBvsDO","$2a$10$5XL.8.HC2IOntmdjeu2g9.fJYShOaNsyFnfaR4hKC1PkEdf.p0bZO"
"735","lbladeske","qA74qqx5DeX5Ih","$2a$10$eACoIZ62HYIm1ey5JfbRjeADozsrdGu9hx.HQDNXDBcIE2W1GJzO."
"736","gjeschnerkf","dJ2pz5m6WFn1p","$2a$10$oTBwLiUBrE9so.2Y2T6UL.RpweiXz4T5Fwepcx2UUxkJj79kZEYCa"
"737","apickthallkg","jH6h5af5vVtm","$2a$10$OCNfGzop2laxehZXbKXyIuq8Bq9k8sVRsTeh0lzHYYQpwXW9/zg7a"
"738","jreddykh","oC82ty4wsexj","$2a$10$NrK22K6BWckjA8ayuGCmZuL7PZiI61OrMEJakUIXPEfPsU8mAdlgG"
"739","cdaviotki","sD75chiZTTV4","$2a$10$.YtRM8YbDRgdI/5hAxRk9Oq2EBGG7wu3fiqReO6rqvb9kpmFoMP5G"
"740","asortonkj","aY1hdsBjyctN6Q","$2a$10$GH9KDsefKdOYWnOwL4Zr7.srwL.g6Ek/IS9xhv7fx9tYhupfQdq/."
"741","gtearekk","nY1s31EHg1","$2a$10$g9kVHMXS8qvqZL51tmRmc.eMVPj2wESbZelpnW46NIqQEMcrrTmpK"
"742","egwilliamkl","gQ5y4dyXNQrmU","$2a$10$jnATpbuCX4mG/34lYRXc0.0lWuyxLyOsqOAMESIZP9uUpgG2z3BuC"
"743","bcarseykm","kQ684Oz8Tbnt5rpu","$2a$10$K579ZIFU1XuP015Inh/wz.dZvIgdntHMzC8UR2LXkOirfLfGRI11u"
"744","ehurstkn","yK7vsjw8a","$2a$10$eZpwRfOLQ2kEMD8i4MdSI.SPKfgYycTN1ESOT4IyaXl6MnPPbMTUm"
"745","zmacnellyko","gQ2p8nPPQZt02","$2a$10$eSHzm4izQrqwUFEoypGr9u8MX118svF6uJZcfF5/PiT/18X.dAXNa"
"746","chavickkp","rW843e8Yuljtcy","$2a$10$vJFcnknPLm2vXu882Q/ov.dFNNHJUYkENBbIdCaqugm8ttoHAinkS"
"747","mwilmorekq","hB8ro2tONDih","$2a$10$i1QlJG.h/xFGGaLfB8w2yuelqxFiaMnafDMb06oCV8PftIvnNsdnO"
"748","cstreatleykr","bE0ta2cI","$2a$10$J5l30S0ePmPnNJF9Cw.vNOIe8ALNXFkdwd.kDB9wq3/u4uDWPWQ9i"
"749","rdruittks","jM6ssh2muy38wY","$2a$10$9C.7oxRtYI8LbZbvQT./KOLyenn0zwVBQBKxAqCE2j7HfKKVbC7F."
"750","riannittikt","iS92jdqe","$2a$10$lC1WTcTdGKFUT1RnFzgvH.LnY7X1H.okOIO0sH5o18STk6mCD0S8K"
"751","mbiesterfeldku","sY8rgR1qu","$2a$10$.ViXHuqrrSJs3ogXJ0hw..7/v0zVKbgX8qb26O0mdqFwpf5PhiFxW"
"752","dferrullikv","wB03thz3S6oEUpm","$2a$10$H04o0Kj7458b0n3xBxFm2ekBpNS69nanFEUHBird/45NM9/KJigVm"
"753","ibucknellkw","hS52uXhXdX1RI8","$2a$10$Y2L4GWO3kqQYE5MKgdXjeehKnFPsB7ZNcfpLdLLzHf59k0rFJPLf6"
"754","kcossingtonkx","pA43k2RB44ztK","$2a$10$jYxcTcOrIGtZE25upU/p7OHGOenkM4lXwv5YtMv612G6Wo2pCKsze"
"755","lworsnupky","gH8mmCyvZ8v1hIt","$2a$10$v/yZyAXzfVSo7h9QlNPcbeJjO6Ij7qn.F8gGm/xOjmMYP3SSw7/vG"
"756","wmacpadenekz","eQ12X73t","$2a$10$ReyY9Cel2/WDJeHDxPgD9.uS2c/Ldy2mA7ukQRZEq.wQA8kVEc.xm"
"757","lkaynel0","bX0vmayb7sN2","$2a$10$COA7dnvq2W7zD0XVRYufrOmdYLsh7qghcmY9MJUIHJNG/hORcVMG2"
"758","ohoneyghanl1","yV9ha8lD","$2a$10$ZnhT8Tujf2gOuxM0/6J8D.COOHXLfqFkomWCDs60dgLHZx8Yf3Yvq"
"759","dbentkel2","sU7sebeK5","$2a$10$pSzkxKhsSPIH7vUu4aPS0ObdzOp7kPYA4YOwIc04Q7aBhu5MLOrKa"
"760","gmassiel3","yO4maLId","$2a$10$rPRQmZn/k4r5QUetVRahFeadXrSISIFFN8MVkyGfdYiqo5Kz..N72"
"761","tfassbindlerl4","aR4vzi81dHuemQq","$2a$10$UeE0MffWNxRE0JRksDTy8Og9TxnQxIPYG3fKdjiKr2S4Yq8Vjd2ku"
"762","imacfadyenl5","gP0u8lADi","$2a$10$xd/SjvBPbv6baI6tuXrgl.pguNcqQPUSFt.BuIa5qxvvcTVyIsB72"
"763","khibbartl6","rY93iZveCsOk","$2a$10$VnZss5XIqjYF5dfuWrh.DOPSHHUNLnw2lN91KNsZh3zqfasxERUYy"
"764","sadrianil7","vI5fPngDt","$2a$10$bGp8wnwmlSJ7n6CdcHlBaO5OPkOMONevcFVdtqEwEN8RS7ykw0GfO"
"765","jarghentl8","tQ0sft15AV","$2a$10$5d2uNNoKAn6TxvE2DjVfruRCWtmtEK1fhdZ4Rwmhs4Xhg2LPy3.xG"
"766","eburnsidel9","mW9tFrYlFws","$2a$10$dFrl1VSkiDA8ZqNb411ML.yu9luxkyR65O6pvYjZ.2bCR.Kv8unim"
"767","vsaggla","bR63jlO2","$2a$10$Xs5ud4iEzc4UeVfM6I5Z9uXvt3qRI7101PSH31OxvpJP5CAnHq1B6"
"768","fricholdlb","qG3yjjKcV","$2a$10$p9M/BtHAvfa4zelqxZTpxeHvx4ELzUCRkFTA4s.oMbbjnk99p4B6i"
"769","rsimenonlc","jR34vjE4sV","$2a$10$clInw5lpJ75gcGbYlH3wbu2ukkj5xmFc9Z0Ynjru7sLw/kV8M3drK"
"770","jkilnerld","rO2rDp3nd","$2a$10$d3WMTvPYmOoygGWVDEAX6uaGqQkuNilQRUtvJQbG73Tcn70nZmfdy"
"771","wfalknerle","oD0yblIy8","$2a$10$J2LAJAdvPmVait.LtlG1zecAW9IVqvS0oaHIG1688pCunvvY12vzO"
"772","jdugolf","uI7rMuW7","$2a$10$K34unsLWPidhQFQ0RY3V5O2oejpYvHsiOTUEoMfuQBrA44sBa97ly"
"773","grosebladelg","lZ9rm4PpLWFpCvl","$2a$10$hBuUrtnARr4wyqqNsVDX1.j.w6mcMNBf1bU/A4TR.EIjOOmnJ3YZO"
"774","kburrowslh","mJ8hIH20","$2a$10$jk3/0066LT69qNsHRw5hFeFKOU9eiAQtg.fRmLs1oztNXQBpiflxG"
"775","lvitlerli","xD9ep5axWcODvy6w","$2a$10$B7dMW5vylGmyXxhwGTX/qe11DEoI81rGgfL5L/6xFFL8vLrrChsaa"
"776","ibonomelj","bB3hP1rSxCwB9","$2a$10$fn5Wn9xa7PsW8VZDDHPqK.N3sUWXw2ZxRHM97RmCxo8Usfwk98Kki"
"777","clombardlk","hF0vz2yhtU","$2a$10$miiiSEp9hPUIbD7noghhhuJXOPTrI5Su5QjCQ9v.6qvvTW9JhWfLm"
"778","cpowll","hB1yXC2p43a","$2a$10$tBJqJtEqUtxBjig.GuinXORCFDeS6OIn6luwc5wbiDTz8MuBWbOXS"
"779","bdiddamslm","wF4egXvUC3yVJw","$2a$10$PQtHsUig/4PJfEjf2iVScOkVNGb7RGRKB/VNnraiclgGJWTa/1X0i"
"780","cbassamln","aZ2pfsyUtok3dw","$2a$10$VzU517xL3g75QsXizrimvOABAe33RVZNo54d.fNzg9F3I82A1gJMW"
"781","lenrigolo","xH6majqj","$2a$10$Ric9s.roZxz6KRJ6bGtWNe/EEaVduFicfqgBUF9eZWXUkaBtQywlm"
"782","grenardlp","yI4uz9TeWkyOHQQ","$2a$10$Qp4FVWCP9A7XiFpLyX93UuT/DQCjqfGnF77wrlLUSYNezDRLoELfe"
"783","madamthwaitelq","zT0evPiuxLv7g","$2a$10$nLnWgGYDFlj3xJzpIz13MuMyLa8HJ8Uk4d3GbJLSO7PjQXxz0iHBO"
"784","bdillestonlr","zB0dgQafJ7baZ8","$2a$10$kWNKaF3VJHCpZbhuzgVh6.6nm2d12pnWAQPo14Ler38ZnOjbcYCva"
"785","mstobbsls","wV72ZGnZOd0hpo","$2a$10$3gThu9Oj0OL3Z5NcwD5NRup2rL3iZUpLlstPXpToDDz8yyEPl0KLS"
"786","dsibberinglt","dW3aW9DMf","$2a$10$ipypmIxLHNA25c0gquS.1OgOFFtGmvMpGPEntUis.3PquQ0Mx7EAa"
"787","lveroniquelu","tF7w3tZRaa7wxmE","$2a$10$K0GfS64w2cd6TEXgSApKVuDG4J.g.1uUCPeQLRiw1pkOLNeC7iEoe"
"788","gborringtonlv","aR4rmEpVta7l1Rtx","$2a$10$cSvaqGIJLm4BIn3jne.zsuJVQV7/ej6vsVDzU.nZp1R1ICwMmYvoa"
"789","qkippinglw","lO1jhS4hNp","$2a$10$1l8khfGBjn.WdPYX7/A6aONm/BLwHsicIlorOqde9xCA38nzw.ap."
"790","gvalentilx","yB9mMO47Nhtut","$2a$10$GZghEb88ba1t6PljGfizM.9ynJCtykMCKIezKrpuPe9YU/jn9s5uK"
"791","mjuanicoly","tD7jvFuwK","$2a$10$jeldnQmr/2Q4Bjyj7uQiEOrSpO4wznpEPZgSibZMUdQWP.5Ko9Iyu"
"792","bscoyleslz","rZ9ttUowpp","$2a$10$/LBTFoLYAFGx1NEp5rkSROj7vSO7aqswSD1lwxM.WrAuWkbTCYuOK"
"793","mprestidgem0","eO7vr7k9hvvYh","$2a$10$V7DGg5mDdhURD6y80kWgx.TPZqJ6033erphiZ6B2m.JxLP4dCVcgS"
"794","hmathiassenm1","tF0hf5I4M","$2a$10$kKhL2meS1BBcPweAbswLvuvY46r/jMrBpHnplQA.0ZeatfkXPPX0O"
"795","qkemmetm2","cM3rodCbad","$2a$10$csknzEY5vRVz0M6Evaa0i.dsJ3OuAAJ7Y6P/vhs1rAPmJeGeXkttG"
"796","coconcannonm3","bZ3frYj5vsJ","$2a$10$1o6DPEjgfZ74wZKwFWICg.TEBj/1whoxeNm0D5ImLEakk/RNQE5gK"
"797","brenonm4","fB0sYgT5","$2a$10$3.1Z7StOKxw7pPczMUWVqe3eYKBy97cMUWPzxKHKTwtvp5EbmXdJW"
"798","jsolomonidesm5","lC5eKrUvzqZjUA","$2a$10$X8UR7VffTeIgY7W4o4N4w.8VLsHLnHP/U6NUQUIfOmLnhfu5YP3xG"
"799","lshevelsm6","rY0s9DCPNqg","$2a$10$iCcPdFZGR0Ro/5mrnW5APeh6z1eVzYtvbvr0.WrfMVrUQM0kVEX1i"
"800","acroxonm7","nV7yhOD3wec88","$2a$10$qgHufMs9nw5170x2WOkhuO1gr8gyKtgS1yrQU3mZIy4w.PNNjSyly"
"801","cskeetem8","jM1m2Cus","$2a$10$6MbfKUhWuDxntc3QMNPpduvIQ3IWtH6j/Cw/KNlipV3RGHD22sPKu"
"802","csteinhammerm9","lR2wtrIE4V3w","$2a$10$WkXOdbr4sK.l.qL9hDGz0uL2Y3o4dlSHO0Qrwa83yGvIYAxfWdUN."
"803","cgoodletma","nE8wslzO","$2a$10$MKXtdum3eoAvbkvXXNliweE/jKW94nHVaJsuEI8kXRX3juZpWtaFC"
"804","swaumsleymb","rI7deeMYxab5","$2a$10$ysgzpYz7AN0xZgP2UNU71.cjqHn5I5mZEdFF6rnVyBSJzS3hRVNAG"
"805","chandfordmc","dL8dlft852hVrF","$2a$10$SAVyeSgfg11TV6EVsuFhlODJBfV3NYIkr6wFCcxlnNQ0nII6lxUQa"
"806","dtoffanomd","nZ38X7kSwsju18l","$2a$10$i0gh8NQs.TTv.KGNQUVkNeW.fOg5grur9Kqy3g4Tlat.77wXDJj8K"
"807","sbaccupme","xM35Uf5atzDS","$2a$10$/h5oqY6ZVMKNARxeqYPemOYphD2O8EGkpiLObO1.L8yxpgWy4U8Bm"
"808","fjehaesmf","rI84dRVbsZqVw","$2a$10$6xrA01ferIcKrX6MHRarlOyYjX3U5usw3qc5bnSIFKJ38FYQFd2LO"
"809","rhovermg","yE6hDnNa","$2a$10$WP8dTuUx/qr28BNY8hKTXexkBkUs7t7F6BGEvz6PNrbJ6rzihnm72"
"810","ocaulcuttmh","cS7ffmrT","$2a$10$lxLYX3Yx4.4sVUl.SyBcse8griXi/JjuHC2Rj2f/rqRs7yJObmYc6"
"811","cclawsonmi","cL83lsHeYeV8Y","$2a$10$o5.1/GXzesyJYp6uAAzgI.h5HZ2KORIOzvxz43wtOdwZM1g5Aaj6W"
"812","mantoniasmj","qZ4fcjuzhSlj7h5h","$2a$10$EnJZ4FwRQNwBtoePDJ1ZY.FOMz0YRPb4ezcTa2t9R36irhK2dtoG6"
"813","rwallwoodmk","hS5aQesayruyhd","$2a$10$ay8ndHT/IE0vYAycmzjSROYTU1cgCbhiU7VkbYdkdW9NODWGG/5Uy"
"814","jhadleeml","tM34fvNer5yI0y","$2a$10$kw0xMjUpjKvdSiKVcOQ4q.Nye1Ap7pDLsBDaKV8uPOczMkRQvCYbK"
"815","cowensonmm","cQ383sd5f","$2a$10$o6kWhRoG7OK.GTDBdcPxH.hnnQkOgG.KSnfotAF4V/KBr6dO0bV4."
"816","bvasemn","vV45AtAUtl","$2a$10$YXj.YxbvB2O9xeQk83I9/.ik3XhHB/yFxd2wxwkF11tPXaUGQ/kMu"
"817","sbonafacinomo","oX2yNnWQam","$2a$10$UVqeOTbAOriQcJRWg8lfPeTjWa/sYQW7hcbHGJf1Zhfz0ZoN28mVe"
"818","cpallesenmp","sG0528ZgmrY","$2a$10$mZ.KDyshmfTm4wGheI8q2Oyx6jsIIXqax7Owm4EIXW32bS5Kp9WLq"
"819","vbroadberemq","yV2sSsUB","$2a$10$4ts6GGeLwUL37QPzbasoRuqeqXM/Hx3T9CbZsA16O.HRvwhdf117y"
"820","htattertonmr","uH3mcK0IXd","$2a$10$I5RyvE5XzzCheuNplDJvgOCXG/v6gv0Yrev2UFNJo8r2RWcWF.qr2"
"821","mkempshallms","pB7sqbsvM","$2a$10$MjtgietRcx7JToAI5lRgouihZjjAWa186gnI6xNampgiSVg/.cNhe"
"822","jbagottmt","hF6edHqkIQ","$2a$10$L2nm12nhSZW47gB7HEqTD./.MAdz6iKSxGnZ2ZByZXQQcC/cNcyEC"
"823","cbenediktmu","cP3dhuytZwG","$2a$10$37.dxkhpoafNifoHdFUOK.K3NGYcWTyPKPk9O4fXrmtwyO.1NzApO"
"824","tjansmv","hX5eSOwOcJQLs","$2a$10$KWm3dAKp1Y9/Yb0wFpY7a.VIdomJBN/2HkevMw4Oy.CN6jUzSNf5y"
"825","clendonmw","bT0ysBchyFgau2","$2a$10$3B9Etio7k5Y73RWTOVf1WO1G.zIvSOaRGFas1d12ObD0mNcw564Km"
"826","nsicelymx","eF58vMjfy","$2a$10$DCr7WpW1xst7GVbi0ZvRauZLVMpfFRFxpExFiCJG6xNUmPpLJwdGC"
"827","spresnailmy","dP93vcR8084S2","$2a$10$QY.r99OevhG7Vby04oxXIuYEZDb0MfBP4/nic2Scf3evxIl5bU9gm"
"828","sloadmz","xG2pnl3gGpje2","$2a$10$kC.qr1zOPul0OD9SDoyWx.7Nn6/cZLBJxa.ZJohs862H.YeggFTQC"
"829","cduron0","dB9hOdJKk","$2a$10$JdvWj3QX6v66xQgJ02z5me/4H6casom7Dff8vpwxjqVPVO8GoLKJ6"
"830","atwiggern1","gJ1rs4sGnpLw","$2a$10$9AQTxWY6Kde5IKfxfsbtz.TTltS3vIgWl2x6wbfLpqqMl3KkiMfcq"
"831","twherrettn2","nT88IvLj5nJ2","$2a$10$MPEb6TLAgMLpXwVw7PlKOO4hXUNjBQ8aIEGKS3.zrg/TG3aeixhli"
"832","erycraftn3","sR1mWdZWE","$2a$10$nNv8dSqUiHFfGVXCjaY48u/tEUptcT9N1lOejlt1D9bkcArAtvTz6"
"833","ckepen4","tT3v4eb6STkY","$2a$10$IsvriiEb.6LgT1jgY7vhr.l9aNEmfLvfSahhbzuToyvXTPaYbHr7."
"834","dleonardin5","dM3hct1RutvWr0","$2a$10$8uvSsH3DGk/Ks.ewzTkBm.6T9pT39WdhiaNL3vznpjTA3QV2BgH3."
"835","kspracklingn6","pC8hn5fdJrQ4fhMd","$2a$10$hYC2H4rI5.kVRlGQzzOTOegv9Z77vKQ5k7iCSgobLdtAw7.jTIrrq"
"836","ibrydelln7","cV05urn8lcqdhFo","$2a$10$dK.Lu1uI.b39AGafB8ABdelI3jSTpcbs5aYfcp0wL7x4ndIrbdg8y"
"837","ktebbuttn8","dA8rFjtB","$2a$10$DObIFOOA6fEreRUu4lX7dewzsMOW3dJwMjJy6WAyJYZi5IQOMvsMm"
"838","scollumn9","oC32xA44j1Dx","$2a$10$6tqPNjb4xxbdyb4LqY/uGuagpvoHmf1zDoX1LfkdXeWLRpsPPfnHO"
"839","mcaizleyna","rL5dMHAmL83m5B","$2a$10$10OMGPFsUI4otOSJSrgGgO3YRrtzskc4kC9hAa/yBpSJDpcTtixlK"
"840","rdoeynb","hO3stobktw4aV2","$2a$10$8qcM49wFAhS36AdK0rSS/OVw46A6/pA7NFSCtwp7P4Ltyk3l4p1Za"
"841","erogeznc","qS13ptA4vDBqH","$2a$10$kgyenKudQmUjP1RvbGz5KuBh5mEGR7XBmtnSpfY8EJ9ZvOAEunsYO"
"842","jdorningnd","yV6th1kM5epmZUtj","$2a$10$K8brd8CBFCh.bI3U6oLRiuWnbNoGNsiGvhKS4n06e3KweXMUdOwFO"
"843","gseagerne","zF3diQvcAYNQw","$2a$10$zXRFZ9nVVOkjed4ZbUAsQugYGjcxDpQBtR8TFIt/jdZNcKxb/FkI2"
"844","lmonnerynf","oG1d2pj6e","$2a$10$XcyiNnpQ8Vkr1ze5GBTqY.aCq2cYqsUIkYtC/t2Ky6iis085IB7SW"
"845","fbednellng","lP5aeyWwUwjid","$2a$10$10lbsIi4nL7ba6/DDt.SPeKesd0Iq1uQo77b9FtgPk0WUFmscTMh."
"846","dsmythnh","uB6fZPs1sgIkd3fp","$2a$10$104uTwVrrF03lMPyG5iqM.OWybOv2Yl3wqL7qFabReYZCT6nZf1Jy"
"847","welcocksni","wK4aGpB3Boe","$2a$10$chhWVr81r0iEfP607bEs1eLunpOwQbK9TEb/zaTI1lniY1DAkP1WO"
"848","bmarkienj","fY5euDewozDeuDs","$2a$10$qFnA0SEB62.NnPlgTkDHve5JPC1YHIyedJ0X3gJGQ8JcG.jP3Nj.K"
"849","acrottynk","lX92uyQv2sSttYrX","$2a$10$HlGyo3URVJ0LL86EZ97j3e2dVwsOFJa/Hk5NmbitxoO.pUWHUT1A."
"850","onaptinenl","aI8utqymv5","$2a$10$IEGB/Vk./d1WoHt38XLf5OB608UleE.aXBYEZn8y4f25fL.fIQhRS"
"851","ibarribalnm","yI0pADzDXwU5","$2a$10$xPxQal9zkdERvJtXAEjzG.xtTsZBmIoKhg0sj3frNwPU.RFVzTzpa"
"852","pbeehonn","mI2slR5xmV8","$2a$10$pTBpxnly6cyqIQzqMIndJuYWZGrZLaaSQw5pbJWrXTeymwt.lShU2"
"853","kfludeno","mX1hq3SA","$2a$10$L0HB2yGMHc/67BWpxCRdq.Z8KpzGDDB0tWckqvosEf/uQftMh.0U6"
"854","tthackwraynp","bK4y5gytfrXue1","$2a$10$NHvo6r3qbVelzAsNlof06.H7EIO9Whm.sHLHxMWwrPFC3mnKvs2XK"
"855","lbennettsnq","lZ1u3c5LAUCW4","$2a$10$Dc5e0ViQJavbmzj3vEJjeeJxoRyP2A9N6G/tcO8JrcLgXYoeCnjlS"
"856","groomnr","eK8vLtfAGymV","$2a$10$t6F.4WYmT8uZOSCb.MGECuGtecD0Z.ErSqV.xLytbwTLa1AxBuw3y"
"857","srultonns","lA3hIgethPr2V1vc","$2a$10$EBnsYPq.br/B/dvBZcxryueMwh1EQyR8d2lF/.1UP.H0cWmuD5Xgq"
"858","bquinlannt","yY3vmL1iZIH","$2a$10$HesQasEkLTikWmGa8BTB8OJP/88dXt0X19oO2whstL/waW3SrWuQi"
"859","bpearenu","tY52sjJHMY3S","$2a$10$xehGYDXWylSdDIoPM1Npo.TaHlFsFyHW6SgXp38m9LmeWnaW2vIom"
"860","bputtennv","dA7h5mKMtKjght","$2a$10$AcgJ.vgBd2fOymGSvqLWzOFMvmBxnxsiSQK2gwb2AgExln/cNj.KO"
"861","aloneynw","rI8dIj5Wp3LUr","$2a$10$ohnnQhj4/IQ65PJ5/LuLLui4zZgkgdNruUU4HMGsc8uK2FlMItej2"
"862","mdunnx","lV8288Yt9hwM1M","$2a$10$4U7S5iDVHteFpUPgS.0EGu.X/90.ERycyVnxYUp16Hgd/XkL2n8cm"
"863","fgrocockny","bW1d38QpznH75","$2a$10$Wvh4zxiNHHJDkbPEP8aGe.OFputeKxlv9oAfHCFusY8jefkSyGmG6"
"864","tdecastrinz","nP15BcshxyZ7rce","$2a$10$DsUgIlofxmEWEaFni3/33.7l1OmQTKVVAtkIFkpyQdjkAVuyI5sCO"
"865","utennocko0","nH0dd8uVCJpSe","$2a$10$XZVK8VlIGNXYgnHzm.gt2OuUpTTd26RLDYodMn5JjuVrNuZ80UMsi"
"866","cmacgillivrieo1","zP1rHFhtkdh3","$2a$10$kuodTlXx84DmoVkx6lpQ4u1zrEiZ2BTzcaqSxK/cefKehTsLWZjYe"
"867","htregaskiso2","hO44TYDp2f8C","$2a$10$1zJgh/mGJBCXBw10ZQBPUevc7U8nQZ96ltuV5G.bJwVA2bVAX5h7a"
"868","npehrssono3","sT1mrtfSBdWg4zz","$2a$10$4iqQmn1ve7JIGyeCBZED6uQXfo5slembq8BEGoTzuRDfELXeQMjAu"
"869","sringo4","hO9vah0Hi7","$2a$10$RojVzSl7jyxI1zVPTdjTkuylbek9BnsdwPNYD9aSAElhTc5RgMgL2"
"870","jcombeso5","uH7ra6VmV","$2a$10$Hp/YEjGTdPrC84jbf/S6AO.nJ8HBVdtcf4XuYs94zx53qDk8ZnF9y"
"871","camyso6","wN1dFb3A","$2a$10$3iBO.1d3eafPh42OuwdsfuWYeJdrkjOQV27Sm7PGTcZR4pjTwxhf2"
"872","mabadeo7","xS25j1vj","$2a$10$luwIUbLWIPXY6QRpzgyLHe5q3WmMeYwjd4bZ6EE/zFVGfn6qQDh.e"
"873","dkilleeno8","mA1tRhhv64Ttx","$2a$10$SLattyEfcsiOd8yga54reukkUHXFMZX34JCppGptKIeZ3lQat6GSu"
"874","etresiseo9","wZ9ydoeK0R","$2a$10$WPG3SXTHOaGSCu4jlabaBO2dXI5.JNN4roqXQUD0THATzpdFzMrwO"
"875","brushmareoa","lJ4tdgjpmgddPR","$2a$10$EeGwrVybXkrJhgXNppghWuyf5mPiOoRT5V9VzOC9i8YRlLHWIpHZO"
"876","gweardenob","fN8yYjNJmqhy4xtU","$2a$10$0pOfTKRdggZlVNqNsK8TM.h0f9biKqalRpL4hpYQdCJY0pTWttyJm"
"877","bgummeoc","vN8tIJw4ddt0P","$2a$10$gsEcn28T9ujla0hwVXcZuOHFCxaVltD.CrZ6UoljUXdJ7n7rELpxO"
"878","acarayolod","gC932ty3","$2a$10$ezYTGwCqRq/rlYckm5Ac/OIlkF0BUS8uNHDTfwNqXnNdxT7AKTvgO"
"879","chelmkeoe","jX48rtVZP4QKkU","$2a$10$Hzfer1uSduLgqry2eEWZfuPaQ9edjrazyg0IMjhe6XvA4CKW2h1E6"
"880","ggooderof","yY28rXfb1fstWjhz","$2a$10$S5vxq3.bnLHoVTI/EGahpeAbmeICYEpHpaXEMnb86AkMKG6EtMz0m"
"881","aroelvinkog","gZ0jpGcj","$2a$10$8q4nDNrfZFr0pBCnSv9qSOlt7HxiXGrHFs.l6QWT2umV7C1Rkb/6O"
"882","vstoneyoh","tU8h4ZH6","$2a$10$p9nDSs3d6jsd0LUGs/89b.xfTZyFhj7DdE7KET3/LkcaaeUYiC6Ja"
"883","aslocomboi","vE3ruww4Fhdddry","$2a$10$6r0mLNYQLUVFTmlKDe6MZOUZVvOpFdPXvdGgbunPM8Y4LOwpiy4yy"
"884","ckeyseoj","kU73dwhrO3s","$2a$10$rdZiOzsCz/vyXM/CPIn6ueuyo0X3YtvO4P5DoRPWe9GgClBX0R9BO"
"885","amusprattok","mT7825L91F8x","$2a$10$d0RjMzQbDVKfHIil8qJekeUQIpqELr5R355IZK9EFTJDcD4oy2k/C"
"886","acornilliol","hF38Qmjv9s","$2a$10$WdkW69BoSqNMrgZqCZDAvO8hhubktdOngxNbe.nfci6uoIr0Tuh1."
"887","descaleraom","fU9wZzqhPh","$2a$10$6dCGaAEiZd5XGmUa88WMa.BPHQYqT.J3XqEChmgT98wntqlKdIruS"
"888","mstackon","sD2dtVsfgy","$2a$10$bKfj/YU1b7fHpSvCE63jDu0yUabddv/C6v.3.3U.hf/PGY4Lf2xVy"
"889","fcheesmanoo","nQ9sxjm5","$2a$10$GwNvIRUQ1f4LNoVbaHqhquXLBqEHaILCytLunFmgr6DMF5Yb41rE."
"890","ddumbeltonop","gP2ddhahoVr","$2a$10$XjGOnT8hJSpRA2c52qrQ5uIU2/DgbCBd4nLIsLmrNux4Cmf.baCcC"
"891","cdurkinoq","zU91Rl4q6","$2a$10$mRdqknjARtHVPJeP7HAzwOHc5G95HWfvLdFBIvRct9bdWGglvKe7C"
"892","msiretteor","sJ7p8qNTgP87KT","$2a$10$sYlu8h8Cfr79eAHARpIY5OaDnhtaSvkrgAXxKpsdlCBHz0jmhdu5S"
"893","vcumberos","tA55PWftuJmmh","$2a$10$SUwctA2MYr0cILJJ9o.1lO14epevqdLwDZJuw66yIy8p2/kkLVMEC"
"894","rpaginot","cE5tYeMvdOoQW8","$2a$10$Wrfqbb1wrxA/y44WsxQ4c.EsiRLe991Hv8ytN1oZ1AA2hqr9R2/Se"
"895","dwigfieldou","nC9hmz2Xy","$2a$10$fCc36/zzl1grEysJ/N8jk.4FAGx45GsFa3xtKzVStKZ4ouuFNgaCK"
"896","bdunsleveov","vK1jwqxK","$2a$10$pfHhmJhFkdk/IMiWborHVeL3u2m6ORKwZLRLzahE0ZGryyJcE4rsa"
"897","istredderow","bJ9fzNxCwRY","$2a$10$fk4GNX4FOU7C2kH9PW3VDO6BtfWrwBoOO9yIPeSCzd/xtro/yVD16"
"898","gfairbardox","vL8psQqTN","$2a$10$qA.qdUK43IBEHB0Q7SV9MOn/dMt5EbvAfkAas/u69pouHYa/rKrOy"
"899","ssamsoy","gA1tJFbri8d","$2a$10$pGj3FytZttiHnw4WcSPMZuZEWrBWiYg.fEbPrnHe2ob11TfJEo60y"
"900","sbaldettioz","cZ1thvj3BpzT","$2a$10$WPL014faVXCeO8MGmgFF1eDpLFu2ZsEgL79mdQl4NLrfqN3ko/KBq"
"901","fjaneckip0","xQ6vLzphii","$2a$10$MBb2N/Wcne1BFDUQQ6O/cO/.B5V/AmZnvT2hAY0zUQdwv5q8vy2KO"
"902","mwhippp1","xZ0vZO1oTh","$2a$10$2gbt4eJHqZ3NWGNAPRgo7Oyy2C0XIcsG/o2XLMRck7D2THUrZp0r6"
"903","amathoup2","aS739xfV3hg5h","$2a$10$qgM/Hk1aMOkqIl7V/0Nmn.6tt1G4ajZhDZ7xk1p/TDUP8v420980i"
"904","cpargeterp3","lX6tjwhKAulo","$2a$10$B0m2qPY0A6OntE62WhtAteyGKCv6HbOa95kgsx9jVr0q0/S5JiqYq"
"905","ghullinp4","zH42zvyh","$2a$10$UmIaIyvOJNBTD0MDaaRU9u5n/tfAxdY5XFCKgJpbdiOGOWzrU3elG"
"906","cberriganp5","mV7hPFBiTtxstQV","$2a$10$iRIdN9DbsAvNp96twKk0iOIk0gzB4dZYDBXjbkLHAsjf9uauOPJny"
"907","egarriganp6","bS51tOLvmj","$2a$10$icA3BZ.SVeeDWh8AEwiNaemtsQqo2BbAy5u4qx0CNQ1NCgu0BOfVW"
"908","gdabnorp7","sA6dylha48vh8wV5","$2a$10$L5HtpCVEfi9jl.1gwnD.D.EXuJeJ9zz6Owg0hE92SZRBjvHj2gVDe"
"909","jteffreyp8","tP74hSv8Q3","$2a$10$dqY6muP2ygEHTBQnTfA6du4FvmohRrXonrtThLYRxd.3QDYZuImEC"
"910","mcorryerp9","eP1wDiuw","$2a$10$nR5N9aM0egapBOvY5Dkg0ePosfLr8Fthp9xIMCmOVLrW5jcvXFb2i"
"911","cpeddowepa","rR6rSHfxXGBqV4t5","$2a$10$MpU0UosinAwAqB8sxzX99u7WersgQkbAyyTqvm4jw2BD22edWo/1."
"912","aslogravepb","lZ1dzanrkdvdHhxL","$2a$10$hkFncs6tvIuqG8TkQ8KpI.o11gZyK9aihIrLO9Mhmw.r8U0feogJe"
"913","vbernasekpc","mT0t4ekhPbHadu","$2a$10$vo8Bu.VP/8rI0ueEh8fjEemrJq4lmfQRhwCzrwv8RQ6j0TqrXbjo2"
"914","sgoodbandpd","yY5fyYt1p1rhH","$2a$10$Qgx3vXH/NK04jCjY4dPb2uScibQQaapl6/j4qurV6v/wRaKf/hrOm"
"915","hpaskellpe","oG4uUpIdfKp","$2a$10$VkMuXfFr3VbxHHlLY5yUYuUthtC3lKmKgbJMjqUM8dmBOyprrzvty"
"916","kcraythornpf","xS0vuE82u","$2a$10$5D1DH2q91I1yLy8UgWEYWef2CAqQDCg2ArmMy57i38QtQzPoFKzue"
"917","areapepg","eW3tt0ejlMtETR","$2a$10$ZY.QB48Oi/BPOeqzphYS5.p0XoeCi7rSiFzcGZyRW.OyXIUBist66"
"918","dhollowph","xJ7sFMY4Qvt","$2a$10$aHHW.qsWsYwStvBj5yCQbeBPSi/5QgamHT5CcltEsS0V16FaIelTG"
"919","kmaccaheepi","xR7rPouVxno","$2a$10$iWVSXBcOEMcPgr5yl4UsX.pr.BIYe8LCHFsTYVIvAZZrAadF0iVxe"
"920","dcarroduspj","nI9rzgs3rd","$2a$10$D8r5Ujcr6/iRtgPJjpTYvOLm/mvrfMvmH6emNd7Fb8/b7Ao7Wnceq"
"921","nocodihiepk","kO5u5hshswu","$2a$10$XD07Xafaqt3Onp7hF0jn.OZX3Oae4rPjOmw.Cvkguh1MDJtzI6IhC"
"922","mlongpl","bK2j1dBSKsy6J","$2a$10$hpaoDfpNRvDTgSuUCe1ZEu0sRzxsoZbgojwpYpv8VFiZQVwLk.l7K"
"923","apendallpm","pR7hPfvpdl8","$2a$10$ugiHPJzPrdwapynduuMoHeoVsOClxgfLSCIZP0jrxWXxFNrbt893C"
"924","agrainepn","lM3yiX5mvId","$2a$10$IIJEyMFg7tZ.ZCsvp9PgHubedaWvdQOwGnEllkgWK6i5cI5Vj7pBi"
"925","pdanielczykpo","qQ81tmAQpx","$2a$10$WiZLvTNRa/pijTmbg1OLU.npEaF4oNUggm.MJAnxVZF36UWwOl7Qa"
"926","tdowdellpp","iG8hKdG8udwp","$2a$10$0YUzgK6BCNfDWP3XpjUIAe8GpTC/YWK.8ZOpiwsVT0IZT5h/Xuc/y"
"927","svidineevpq","tZ6eUtWuZau","$2a$10$VEP6sns6.tQoAzhp7tjRNOtJAD2OJbdJMnBob1TUi1YE9XtaYQIge"
"928","cchallisspr","rQ3hFq724n","$2a$10$2niWyv8aYlFuWIaBxHx/6.VBGyI5iMx6d7GmZd5njpjtGPosNPTpO"
"929","ojohanssonps","kN34KhT2ae2sbSS","$2a$10$uwzf7SnFcIoFKUqyvyBGi.izmWD/8W0KDZDwLgIj8YLRUQ6it4Ete"
"930","mfryattpt","nZ5awqAy","$2a$10$emfvq/8BWjxiW00jDTEPK.yvEgfo5rqSB1kejPhVJnjChwfPT5jI2"
"931","nborsipu","eZ0sksM7m1f8","$2a$10$aEXNJxjEO19POmj2EsFViuuzZg4qZWj83LpNfpPQ3HOBPyVTTyt3K"
"932","mklimkiewichpv","aT7heOCmYhapry","$2a$10$L1gK7DvgArSsG917njTpveWGfAWORA14ogmyX5TK3zSqt2ZnE5brO"
"933","hmaplepw","tK5d0LeNBkg59IDt","$2a$10$ZVfrzCDK7kvDSK5MunBw9OV1TQ2f5PUjumYG00V9iRDoz1FQxl1qm"
"934","amcquaidpx","lM1ueQwozBpyg","$2a$10$45zoIpnXgg9Njn9X0dsrYujGCTsNPoxXDobKyIzMJULJIkXQsmhgy"
"935","fwilkinsonpy","yT98iPWe3hykfuj","$2a$10$Rm305E/Mi2qV6ghrFY2/zeknHtCX6nToGUamBoShrjXZ4a0xGU7/2"
"936","mclynepz","xH2ps58ZN","$2a$10$/fvAnQh1I7/AiOVZTzXe5eA0HuhusUE/k6kIPwCNmI6I5Lb8SDjkm"
"937","jfeighneyq0","dX5daJRyMip5","$2a$10$RjNaFDUPG6D3VsgAxjsao.gze6Qz51s7y5VZYHfQcyxFglL6i87.e"
"938","eghidelliq1","rM4erEmsT89v4","$2a$10$Rn3HIpNTFU5Tly0IIR92l.9ZZtd.hWAqSDEiHs9SUFGkeoRMr9ZYe"
"939","gdanielianq2","jU5py3FfK0Ngi","$2a$10$7J15Hnc3cBWjo1GnzOh6jeXEiTLbMZ6grgU/Uq3BEV3yjwwdyX.mu"
"940","fvanichkinq3","vN4euincsrV","$2a$10$gja53OjVqvc/oVs.MCP6iuIBms9Mzk9CqAvFXT6fB7puOWU3RswSe"
"941","aconeybeareq4","nT1hpZcFdpoYrFuP","$2a$10$gDiUNhbyRZnSMC7d3nFh.e1DOAmDgkADhcYrGS3m6vCrdiesthQj2"
"942","jcasillisq5","mJ5hTVyhvBe2tN4","$2a$10$UNBEf66WpIDp8pF6aRoxZ.9tIdqZuAS2oAHnZmr61Jc7wwvlLHRSi"
"943","esommervilleq6","nM8srcM4Qu","$2a$10$0dLKEIJdbAS4ZomlAftJVOJS8ketp2oK7njG7ky5JnKB4F2Es4pqW"
"944","aforstallq7","bS02j8iqtXq5","$2a$10$OY0dZl8BW/NF/fv/UPhRbejmzntXaTDsrUrJrRqdqr9WzLV67nNMW"
"945","wquestedq8","qM9dvo2cQ6XO0k","$2a$10$WJ/cSuKEiD/dfVeUPHSaD.GY/5YbJ.lsJZcf.Jk69xA5kLFxa2psm"
"946","dpottesq9","eU2pzbZWh5tI","$2a$10$GoFAojqgWgMg2FUdinMpK.apnHHMaSWSuln5YORdtZJAwshCksGbe"
"947","gfeldhornqa","sQ98Xmj5fhu","$2a$10$aT7cMJ76aZy/x1wFA.emAOosYiPkBUAUSZE/.xhuv02BBRGqMStqW"
"948","cjorinqb","kM25HFVyetLBTAr","$2a$10$0iLJ4xFwGohIUSOk18eme.WaY30EeYCblHQcpgbVM15XLwCnAVAmi"
"949","cavramovitzqc","wL5d5cvsFZOr","$2a$10$yxk04XsIPlQIsKIYwI3ZOOqZw8pLhoFhrvF.5RwQg0X50XxTsCuPe"
"950","ssendleyqd","aK3r57HDD","$2a$10$4KQTiGjHh0pMrvScU0WjfeLVhVdhnOPZoah0IamwBufVGGGs3iWK."
"951","lstrettellqe","mO35TRvik1Ia","$2a$10$/qiFuv49lc9sssetn7o4iuVW5NZrgJs1ylXNp6tokVnSN9rdLxSj6"
"952","shalseyqf","xV1hGW1kMb","$2a$10$69C4E4qzWVTgtH1pc5Sufu7xF3JHUslDOsxZ3Q6RKwVWTp4uqJl42"
"953","mduleyqg","oR2s373rsAjw3c","$2a$10$GTwj/OOR6O4Ea0LjYhzozOD26IB3k7o0y1YDj9Z8RFnREii9HLvo6"
"954","igreimqh","sW0wt86M4","$2a$10$1OXrH5AlIqdzCCU2Sw2iLuS.u3THPZ5idk35gW.xc/ZcuhXgDj7ca"
"955","mliccardoqi","pM959Bg0","$2a$10$SO.0bxfDnDMTSrlYZSPod.3ss78UxFW6/TprYhoHsG7pdo23.EDHu"
"956","cbraywoodqj","qH5dhvbf","$2a$10$cvf6482UOn0W0YN0PnqioOD0zxeyJYLDoZVd9o7PwqcvebTbUjG0i"
"957","gvaughtonqk","fQ32FpZeKQAUBhdb","$2a$10$n/.w6SJS/diFavAh14mEu.8qPVIcx.1MIHZzfSd3eckTqA2hCMBpy"
"958","rmonseyql","vQ92f3Pr88Jk","$2a$10$xtY7JZIH9DnG7t3zsWzkbuJ1.0hOaA7cDUuyrmbQGmIEU3v2sWOMS"
"959","aportailqm","gM44f4YajtNs","$2a$10$IuW8NlRpAmHparTKoMgbtuEPDguEVu9hsDwDPKgwljWGsqRR9dNRa"
"960","escoularqn","oG12Bntua","$2a$10$X4X.eInta5VSwri3/h2Q/e0imZtI.Cr.w89.ZBtrzaRbwKajScEYW"
"961","tcainqo","wX6yWn9I2W1","$2a$10$jBe5ef/7zwwio9y3f2VxQemvQ4M8utJCkO3saewYKnza3U6CGpnEu"
"962","splumbridgeqp","uU3rfgzsmdhfPTU","$2a$10$pNj9FqecKOi3/zrDaJjOg.ykj0sG7DUHEoJAcG.5BeTaUlAR7.cfa"
"963","pwillasqq","rA08jpu5vFfm2Dh","$2a$10$NwuTnItTcj8lqrI.4W54eeSSNkse6lXQnsZRFINt0cKfAC2jaPKce"
"964","lithellqr","mA7m4GNu","$2a$10$YJzObwrNFehLOsMzz5fWV..bqcyDF82HBGQcb5xSjDEwN5DK9D4Y2"
"965","chinckesmanqs","aA4yeXvzhXL4","$2a$10$Wq6QDVtRMF0JP4Z1rSq27uVVb8UI3yDFBvPj/AbAswTswF7BQjbY."
"966","amandersonqt","zG7m3xvV","$2a$10$QHr7JPbtYi0t0NBL9O4UHeeHTyGeov9NgLyTPWfbmyMBSMafpq/Xu"
"967","tantunezqu","hK283r2puRGqEDbW","$2a$10$xYnpcBaGhoEIosNDzxYsteml.NUFLNWr27glU7AwIU57nDoIUtyiW"
"968","jcranchqv","jC82YumOLsyW2","$2a$10$b8.KqZiiZ6CrbpAMpXD7bO8YC6dQ8c8ocCUdTzAiNOSur/YljahDW"
"969","djahndelqw","xR3w8Kas1","$2a$10$nAHv1dkIB3EkBkw/LBROHOm3cn0YbhvJUUVcci62pygmcxOIfwRAi"
"970","bdongateqx","oU1d9IjrNrJ3k","$2a$10$9EbZ39iqKRsdtocFHZZwxuQz.Cj6LKmZSkLaaSlaP3jsAZg63qXwa"
"971","pdebellisqy","gD3v863p6","$2a$10$cIYEaI9RPqdhoD4RMk8hQea3ysyFSM87O0pfeG2wiFm8aCHVhsCGG"
"972","dtitchmarshqz","eM1fllJSmE","$2a$10$nqhwRkNpgNIw6OBF/XYv3etdNPCTniBfPwuecQoRjsiqewIqRa9ce"
"973","jleatonr0","pJ4pWm98u63pU2d5","$2a$10$FrFaEe80TqAmYFVo81HBvOnLzpj0L0QSfonUYXXDVEkMlhZeT94zO"
"974","mfrier1","kO1m1va8","$2a$10$xBPdjoWLPKpBTVCkheAceuRMTjmEYroZVUDnsGJpP2rVS5alOlDMq"
"975","rclilverdr2","lU5dMS2HbtwSSnu6","$2a$10$.9tQJbaSdS3kHpOJXPMLDeAfuZSY0qFwIeAv34/24vsZLrDJVU9x6"
"976","cstairmondr3","zL28g2OhA1Pvtpa","$2a$10$XBsEbjmLiAfaYJ7V4BBUnehFTu0chPZXNPMIWbBj.TNIav8fsXHzO"
"977","mbortolazzir4","oR8ht3XvtdH","$2a$10$90huB..2Bi8DZlBXgdUsKuNTFfvZG0Tc9DgXzz3PdsS4uEbrh4xpC"
"978","saggusr5","tF5vTKd3vuX","$2a$10$yWENVSbgWlXiKwvdvHmsr.YapxlMelQ/J5ZUjXLzU1hIb4w8sklFW"
"979","cblinder6","gR1124wDs28Pns6f","$2a$10$udeHqlmuL4Yxm9sg0MF95etP.K/gYav5bphbHfBI1lcTL5NgFwSFS"
"980","cpechardr7","sM0d5nWsCh","$2a$10$IwuDBgCsqpbI2r2Jtvp4VO7KCO4UXlTTZs69HgxKXrKenvcWo/Z1m"
"981","gtolefreer8","aE5pg3uddwcBFMOb","$2a$10$4A1VjD9d6feDGnPm0jab6OwvSX1rxR/ZnKBrB5oSIxKdPRO5IWm5a"
"982","flittlewoodr9","tL7tpvHs1dq8","$2a$10$Lb.kzTzFREtDN843uxLEoOnPaIjAW/9uhxNkWJFV3CjRDcIrD7/pm"
"983","emcmorranra","dL74h3Msr","$2a$10$G3Xm5JEM78lyqMSuGxWHTe48hkPYF1FEbgWk8PyaLVgi46n5JEjvq"
"984","cyegorkinrb","fJ0w4j4fdgTMsnZ","$2a$10$ulosJpimCa8TQNuu.fhiwuDBaEx34BNcZSsUXRYSs72MKQx.CXYFO"
"985","jsendsrc","bO0s4cZt","$2a$10$hGF4zrO8zKjADyOPWWEXyeTjWuhVhG.19Si5jdLxfEbdeYYCSgrOS"
"986","ciacoviellird","aF6hk7wW","$2a$10$3feLRMzrYs5IKw3nmhtBC.1i4sY27DClHwOjqyqxRWYyamiUYTg86"
"987","btokleyre","uD71G8wQsayd5jlE","$2a$10$/jePi7J.str63lXjDyXabea4tPRYNoBrBdXGmJersVUH.1jdJPwEK"
"988","jsylettrf","xT1dD7cv4tem","$2a$10$ooKjO2llIyMy3WWfHrtTA.sd3S31NXXyTH7pUnnXc9jhr7jCPg1fW"
"989","ahabershonrg","pL2enlsWd","$2a$10$z4OBRM7XD3yQ2OKxlTXmjuwGiEMRWcSmmHBsmtf3LDk8TCBDAQiv6"
"990","fclamperh","iE2sgh1JeC9sjfvF","$2a$10$xQfyr5q3IqHGTpvGvQR2YOHyyQzY/.IEUP6hqSh8/vn4t6SZhpDzy"
"991","dcreavanri","aR8dJtEmYuRmwlwx","$2a$10$/r/iRq2uHN4Ljh0rubL4YeQ4WJE7Lp3PomSbZjpWtHi3XQh5/ZKWO"
"992","ibensusanrj","qB7vVzuQib","$2a$10$EPyCkbskabNcYu1PMECLMeSwzIKxXadsVUP0E0Iv2UV1TB5KnA4rC"
"993","adomanekrk","hR0fh2xjz8","$2a$10$URZc.hd8eJZptRm2XTUi2.tFuBFQU1glY2HNpJ8QZG9RjqHSvZRS."
"994","mmerrikinrl","zO2ts2c1ZtQw4dAv","$2a$10$U4xoAM/3tm1dG1NJ9GpO4ePGD5jQUn9Q4c5DVc0M39lDPn1ey6I9C"
"995","fboundsrm","uA3fCs2dyjty","$2a$10$XFuoUFfBo6yAsS5APQ7TIuv0vcdL3coccDLN3ghl63dvRjLPDqmty"
"996","rmattekrn","yJ1jQw3dfXW","$2a$10$3fTe.1.nz3UE04DwK1oiTOf7SckJbQTrWB4HUYnPxp0LSK6tEqRjq"
"997","clogesro","jD92upFc","$2a$10$XGrB2LoEx/T1t8iuK9HalO5uSYAVdEpLlSkgdNH7WTqayW0YKnlEa"
"998","kcalderorp","zH7usvZyg6rr","$2a$10$xuVKbSHDYKSoSMeaVCdu3ek6mYp/ilKPbl080iany5uDRXzsRmnm."
"999","cbradnickrq","yQ1u4rj6Pj","$2a$10$dKZ4d05vBc5TqilOKIfO0uu9oE1kQFE2Tpf8XN70M11mAI6LcFngG"
"1000","pbulfitrr","zC6vsLeXyFv6KQs1","$2a$10$fqWLC.50r4pUDYsvTV3NCu5tSSXhb78EDcYqiU9YM8ZqhNg8YeSxa"